,Source,Date,Text,Compound,Positive,Neutral,Negative
0,BBCWorld,Mon Jan 15 07:30:20 +0000 2018,"RT @BBCSport: 2017 runner-up Venus Williams is out in the first round at the #AusOpen.

What a moment for Belinda Bencic. ?

? https://t.co…",0.0,0.0,1.0,0.0
1,BBCWorld,Mon Jan 15 06:24:58 +0000 2018,"RT @BBCBreaking: Internal ceiling collapses at Jakarta stock exchange building, with some reports of injuries https://t.co/yqFghL3nbA",-0.296,0.0,0.872,0.128
2,BBCWorld,Mon Jan 15 06:24:54 +0000 2018,RT @BBCBreaking: Images from central Jakarta after reported ceiling collapse in lobby of Indonesian stock exchange: https://t.co/47bbW9fFKU…,-0.4767,0.057,0.777,0.166
3,BBCWorld,Mon Jan 15 06:21:50 +0000 2018,Baghdad suicide double suicide attack kills many https://t.co/xxtWEg9DYw,-0.9485,0.0,0.204,0.796
4,BBCWorld,Mon Jan 15 06:18:49 +0000 2018,Jakarta stock exchange ceiling collapses https://t.co/JFv7P295uF,-0.296,0.0,0.694,0.306
5,BBCWorld,Mon Jan 15 04:45:24 +0000 2018,Aziz Ansari responds to assault allegation https://t.co/xNx3hPMii5,-0.5859,0.0,0.612,0.388
6,BBCWorld,Mon Jan 15 03:53:27 +0000 2018,RT @BBCIndia: Moshe Holtzberg: The Israeli boy who survived 2008 Mumbai attack https://t.co/6Vsu0jlWjt,0.0516,0.19,0.632,0.178
7,BBCWorld,Mon Jan 15 03:51:45 +0000 2018,RT @SallyBundockBBC: Apparently it’s #bluemonday2018 - “the most depressing day of the year”. I brought in cup cakes and banana bread for t…,-0.4391,0.0,0.874,0.126
8,BBCWorld,Mon Jan 15 02:54:22 +0000 2018,RT @BBCNewsAsia: North and South Korea begin talks on Pyongyang's plan to send art troupe to Winter Olympics: https://t.co/vYpyhcw1Q4,0.0,0.0,1.0,0.0
9,BBCWorld,Mon Jan 15 02:42:25 +0000 2018,North and South Korea discuss sending art troupe to Winter Olympics https://t.co/PRWrX5OPSx,0.0,0.0,1.0,0.0
10,BBCWorld,Mon Jan 15 02:22:36 +0000 2018,RT @BBCNewsAsia: The Japanese porn star who taught an entire Chinese generation about sex: https://t.co/wqvRtzka77,0.0,0.0,1.0,0.0
11,BBCWorld,Mon Jan 15 02:11:17 +0000 2018,RT @BBCNewsAsia: The alcohol ban on Sri Lankan women has been reinstated by its president: https://t.co/2CQoPadaQ7,-0.5574,0.0,0.806,0.194
12,BBCWorld,Mon Jan 15 01:56:42 +0000 2018,"RT @BBCNewsAsia: Oil tanker burning in East China Sea finally sinks. All 32 crew members confirmed dead, officials say: https://t.co/H3PWVJ…",-0.6486,0.0,0.815,0.185
13,BBCWorld,Mon Jan 15 01:52:15 +0000 2018,Ashley Judd: I was not frightened of Harvey Weinstein https://t.co/ndRNFCMJ6a,0.3412,0.231,0.769,0.0
14,BBCWorld,Mon Jan 15 01:46:24 +0000 2018,"Skies in Perth, Australia, turn dramatic orange after a bushfire: https://t.co/CjngV0xopn",0.0,0.0,1.0,0.0
15,BBCWorld,Mon Jan 15 01:42:25 +0000 2018,Donald Trump denies being a racist after 'shithole' row https://t.co/5DCN55NjoA,-0.7783,0.0,0.507,0.493
16,BBCWorld,Mon Jan 15 01:35:38 +0000 2018,Perth bushfire paints skies 'vivid orange' https://t.co/WpaopR0e2f,0.0,0.0,1.0,0.0
17,BBCWorld,Mon Jan 15 01:32:28 +0000 2018,Chile complains of World Bank unfair treatment https://t.co/jj083Qa8a9,-0.6908,0.0,0.513,0.487
18,BBCWorld,Mon Jan 15 00:57:08 +0000 2018,The missing - consequences of Trump's immigration crackdown https://t.co/ToQ0bSwlpW,-0.296,0.0,0.761,0.239
19,BBCWorld,Mon Jan 15 00:50:32 +0000 2018,Looking for my brother https://t.co/tOCTbFbYxj,0.0,0.0,1.0,0.0
20,BBCWorld,Mon Jan 15 07:30:20 +0000 2018,"RT @BBCSport: 2017 runner-up Venus Williams is out in the first round at the #AusOpen.

What a moment for Belinda Bencic. ?

? https://t.co…",0.0,0.0,1.0,0.0
21,BBCWorld,Mon Jan 15 06:24:58 +0000 2018,"RT @BBCBreaking: Internal ceiling collapses at Jakarta stock exchange building, with some reports of injuries https://t.co/yqFghL3nbA",-0.296,0.0,0.872,0.128
22,BBCWorld,Mon Jan 15 06:24:54 +0000 2018,RT @BBCBreaking: Images from central Jakarta after reported ceiling collapse in lobby of Indonesian stock exchange: https://t.co/47bbW9fFKU…,-0.4767,0.057,0.777,0.166
23,BBCWorld,Mon Jan 15 06:21:50 +0000 2018,Baghdad suicide double suicide attack kills many https://t.co/xxtWEg9DYw,-0.9485,0.0,0.204,0.796
24,BBCWorld,Mon Jan 15 06:18:49 +0000 2018,Jakarta stock exchange ceiling collapses https://t.co/JFv7P295uF,-0.296,0.0,0.694,0.306
25,BBCWorld,Mon Jan 15 04:45:24 +0000 2018,Aziz Ansari responds to assault allegation https://t.co/xNx3hPMii5,-0.5859,0.0,0.612,0.388
26,BBCWorld,Mon Jan 15 03:53:27 +0000 2018,RT @BBCIndia: Moshe Holtzberg: The Israeli boy who survived 2008 Mumbai attack https://t.co/6Vsu0jlWjt,0.0516,0.19,0.632,0.178
27,BBCWorld,Mon Jan 15 03:51:45 +0000 2018,RT @SallyBundockBBC: Apparently it’s #bluemonday2018 - “the most depressing day of the year”. I brought in cup cakes and banana bread for t…,-0.4391,0.0,0.874,0.126
28,BBCWorld,Mon Jan 15 02:54:22 +0000 2018,RT @BBCNewsAsia: North and South Korea begin talks on Pyongyang's plan to send art troupe to Winter Olympics: https://t.co/vYpyhcw1Q4,0.0,0.0,1.0,0.0
29,BBCWorld,Mon Jan 15 02:42:25 +0000 2018,North and South Korea discuss sending art troupe to Winter Olympics https://t.co/PRWrX5OPSx,0.0,0.0,1.0,0.0
30,BBCWorld,Mon Jan 15 02:22:36 +0000 2018,RT @BBCNewsAsia: The Japanese porn star who taught an entire Chinese generation about sex: https://t.co/wqvRtzka77,0.0,0.0,1.0,0.0
31,BBCWorld,Mon Jan 15 02:11:17 +0000 2018,RT @BBCNewsAsia: The alcohol ban on Sri Lankan women has been reinstated by its president: https://t.co/2CQoPadaQ7,-0.5574,0.0,0.806,0.194
32,BBCWorld,Mon Jan 15 01:56:42 +0000 2018,"RT @BBCNewsAsia: Oil tanker burning in East China Sea finally sinks. All 32 crew members confirmed dead, officials say: https://t.co/H3PWVJ…",-0.6486,0.0,0.815,0.185
33,BBCWorld,Mon Jan 15 01:52:15 +0000 2018,Ashley Judd: I was not frightened of Harvey Weinstein https://t.co/ndRNFCMJ6a,0.3412,0.231,0.769,0.0
34,BBCWorld,Mon Jan 15 01:46:24 +0000 2018,"Skies in Perth, Australia, turn dramatic orange after a bushfire: https://t.co/CjngV0xopn",0.0,0.0,1.0,0.0
35,BBCWorld,Mon Jan 15 01:42:25 +0000 2018,Donald Trump denies being a racist after 'shithole' row https://t.co/5DCN55NjoA,-0.7783,0.0,0.507,0.493
36,BBCWorld,Mon Jan 15 01:35:38 +0000 2018,Perth bushfire paints skies 'vivid orange' https://t.co/WpaopR0e2f,0.0,0.0,1.0,0.0
37,BBCWorld,Mon Jan 15 01:32:28 +0000 2018,Chile complains of World Bank unfair treatment https://t.co/jj083Qa8a9,-0.6908,0.0,0.513,0.487
38,BBCWorld,Mon Jan 15 00:57:08 +0000 2018,The missing - consequences of Trump's immigration crackdown https://t.co/ToQ0bSwlpW,-0.296,0.0,0.761,0.239
39,BBCWorld,Mon Jan 15 00:50:32 +0000 2018,Looking for my brother https://t.co/tOCTbFbYxj,0.0,0.0,1.0,0.0
40,BBCWorld,Mon Jan 15 00:43:56 +0000 2018,Chile's female prisoners pin their hopes on Pope's visit https://t.co/xXz4G2rJys,-0.128,0.199,0.567,0.234
41,BBCWorld,Mon Jan 15 00:30:49 +0000 2018,Japan's elaborate manhole covers https://t.co/73mTMw2uAm,0.0,0.0,1.0,0.0
42,BBCWorld,Mon Jan 15 00:20:47 +0000 2018,Moshe Holtzberg: The Israeli boy who survived 2008 Mumbai attack https://t.co/LHO3VotYrH,0.0516,0.214,0.584,0.201
43,BBCWorld,Mon Jan 15 00:10:59 +0000 2018,Sora Aoi: Japan's porn star who taught a Chinese generation about sex https://t.co/1SEteyUaGe,0.0,0.0,1.0,0.0
44,BBCWorld,Sun Jan 14 22:27:12 +0000 2018,"Police use tear gas on protesters in Tunisia, reports say https://t.co/qk35oecFhE",-0.2263,0.0,0.84,0.16
45,BBCWorld,Sun Jan 14 22:00:46 +0000 2018,"California mudslide toll rises to 20, as search continues https://t.co/BXMtfFizp9",0.0,0.0,1.0,0.0
46,BBCWorld,Sun Jan 14 21:45:13 +0000 2018,Jerusalem embassy: Abbas says Trump plan 'slap of the century' https://t.co/wbKLfQeB7c,0.1531,0.138,0.862,0.0
47,BBCWorld,Sun Jan 14 18:48:15 +0000 2018,Hawaii told to fix its alert system after false missile alarm https://t.co/roxDjW56Rf,-0.0516,0.151,0.685,0.164
48,BBCWorld,Sun Jan 14 18:34:54 +0000 2018,How to survive a missile attack: What's the official advice? https://t.co/5Bb0JNLyp5,-0.4767,0.0,0.744,0.256
49,BBCWorld,Sun Jan 14 18:24:36 +0000 2018,Qatari royal says he is 'being held against his will' in UAE https://t.co/PDR7RazNDp,0.0,0.0,1.0,0.0
50,BBCWorld,Sun Jan 14 16:28:30 +0000 2018,"RT @BBCSteveR: Tonight Russian TV news had reports on:
Putin's election campaign
Putin visits tram factory
Putin visits monastery
Putin com…",0.0,0.0,1.0,0.0
51,BBCWorld,Sun Jan 14 16:12:13 +0000 2018,Saudi female football fan: 'We wanted to enter the stadiums and we did' https://t.co/pdrbl4wBAr,0.3182,0.15,0.85,0.0
52,BBCWorld,Sun Jan 14 15:55:03 +0000 2018,"In a post-Harvey Weinstein and #MeToo world, most people are well aware sexual harassment occurs in the workplace.… https://t.co/ouQlm4LL2R",-0.2815,0.108,0.732,0.16
53,BBCWorld,Sun Jan 14 15:40:20 +0000 2018,Sri Lanka leader rejects move to allow women to buy alcohol https://t.co/FhG3PaPtGx,-0.3182,0.126,0.662,0.212
54,BBCWorld,Sun Jan 14 14:42:19 +0000 2018,Peru: Earthquake leaves two dead and dozens injured https://t.co/Xj6Tr2Dyg0,-0.7906,0.0,0.5,0.5
55,BBCWorld,Sun Jan 14 14:36:46 +0000 2018,RT @BBCBreaking: A 7.1 magnitude quake off the south-west coast of Peru kills two people https://t.co/oLae31f3Qh,-0.5423,0.0,0.8,0.2
56,BBCWorld,Sun Jan 14 12:40:43 +0000 2018,Ellen Johnson Sirleaf: Liberia's president expelled from her party https://t.co/tpkcS487eV,0.1779,0.213,0.63,0.157
57,BBCWorld,Sun Jan 14 12:18:36 +0000 2018,How flowering plants conquered the world https://t.co/JGsbrl2qqz,0.0,0.0,1.0,0.0
58,BBCWorld,Sun Jan 14 11:58:28 +0000 2018,RT @marklowen: Bittersweet mood in #Tunisia today: pride in transition to (albeit imperfect) parliamentary democracy but frustration that o…,-0.5574,0.074,0.696,0.23
59,BBCWorld,Sun Jan 14 11:45:35 +0000 2018,"RT @marklowen: Crowds in #Tunis marking seventh anniversary of #Tunisia's revolution. Some pro-government protests, some anti-government, c…",-0.2263,0.0,0.894,0.106
60,BBCWorld,Sun Jan 14 11:26:31 +0000 2018,Turkey plane: Panic as jet skids off runway at Trabzon https://t.co/bmvMLqVj5W,-0.5106,0.0,0.752,0.248
61,BBCWorld,Sun Jan 14 10:57:37 +0000 2018,Plane skids off runway at Trabzon Airport in Turkey https://t.co/xaDDlF8uzf,0.0,0.0,1.0,0.0
62,BBCWorld,Sun Jan 14 10:48:47 +0000 2018,Mario Testino and Bruce Weber accused of sexual exploitation https://t.co/UYvB8LKEUP,-0.296,0.0,0.804,0.196
63,BBCWorld,Sun Jan 14 10:09:37 +0000 2018,"Hawaii missile false alarm triggers shock, blame and apologies https://t.co/0GMcCPaScf",-0.7506,0.0,0.486,0.514
64,BBCWorld,Sun Jan 14 09:33:28 +0000 2018,"RT @BBCBreaking: Burning oil tanker sinks more than a week after collision with cargo ship off China, with 32 lives lost, reports say https…",-0.5859,0.0,0.814,0.186
65,BBCWorld,Sun Jan 14 09:11:21 +0000 2018,'I'm a Muslim that voted for Donald Trump' https://t.co/oHCFqTWxYj,0.0,0.0,1.0,0.0
66,BBCWorld,Sun Jan 14 09:05:13 +0000 2018,Panmunjom: Truce town in the Koreas https://t.co/SgtXna6UdS,0.0,0.0,1.0,0.0
67,BBCWorld,Sun Jan 14 08:11:59 +0000 2018,Papua New Guinea volcano: Islanders flee worsening eruption https://t.co/tP9WOtTeM0,-0.4588,0.0,0.727,0.273
68,BBCWorld,Sun Jan 14 07:45:24 +0000 2018,Portugal fire kills eight at leisure centre https://t.co/aRFawOxUTo,-0.7096,0.0,0.504,0.496
69,BBCWorld,Sun Jan 14 07:37:45 +0000 2018,Hawaii missile alert: False alarm warning broadcast https://t.co/LgT1aaTbnU,-0.3818,0.183,0.417,0.4
70,BBCWorld,Sun Jan 14 06:15:54 +0000 2018,French salmonella baby milk scandal 'affects 83 countries' https://t.co/4S1isl6n5b,-0.4404,0.0,0.734,0.266
71,BBCWorld,Sun Jan 14 05:14:35 +0000 2018,Tunisia protests: Government announce reforms after unrest https://t.co/rAV0nihwzi,-0.2263,0.0,0.787,0.213
72,BBCWorld,Sun Jan 14 01:49:00 +0000 2018,Cult Mexican horror radio show The Hairy Hand ends https://t.co/QRMNnhHuXO,-0.128,0.215,0.537,0.248
73,BBCWorld,Sun Jan 14 01:02:54 +0000 2018,Dealing with debt: The mini-bankers learning how to save https://t.co/jbQJ9mrmZW,0.1779,0.234,0.584,0.182
74,BBCWorld,Sun Jan 14 00:50:11 +0000 2018,Steve Bannon: The Trump-whisperer's rapid fall from grace https://t.co/gsH0fetTeV,0.4215,0.259,0.741,0.0
75,BBCWorld,Sun Jan 14 00:46:52 +0000 2018,The hotel where you can live like a Farc rebel https://t.co/NqN4QoRsGI,0.2263,0.207,0.661,0.132
76,BBCWorld,Sun Jan 14 00:46:52 +0000 2018,Ethiopia's 800-year-old rock churches https://t.co/KWVxFS75Ij,0.0,0.0,1.0,0.0
77,BBCWorld,Sun Jan 14 00:43:33 +0000 2018,Recording the lives of those waiting for clean water https://t.co/WeKkWPRsgr,0.4019,0.231,0.769,0.0
78,BBCWorld,Sun Jan 14 00:40:20 +0000 2018,Why Pakistan won't share intelligence with the US https://t.co/D0fvHFiX0V,-0.5334,0.0,0.612,0.388
79,BBCWorld,Sun Jan 14 00:37:17 +0000 2018,The UK millionaire with Bollywood dreams https://t.co/PcBdabuXb4,0.4019,0.31,0.69,0.0
80,BBCWorld,Sun Jan 14 00:37:15 +0000 2018,France's celebrity pushback against 'MeToo' https://t.co/9sLYw0D9tQ,0.0,0.0,1.0,0.0
81,BBCWorld,Sun Jan 14 00:30:40 +0000 2018,Chelsea Manning: Ex-army leaker to run for US senate https://t.co/Uj4WcgEHKs,0.0,0.0,1.0,0.0
82,BBCWorld,Sun Jan 14 00:11:57 +0000 2018,Colombia's ELN rebels kidnap oil worker https://t.co/MeNhZenT86,-0.2023,0.0,0.769,0.231
83,BBCWorld,Sat Jan 13 23:13:27 +0000 2018,Recording of Hawaii ballistic missile waning https://t.co/KdMwHVFwHc,0.0,0.0,1.0,0.0
84,BBCWorld,Sat Jan 13 22:54:00 +0000 2018,President Macron: Baguette me not? https://t.co/DWuYziC9Ad,0.0,0.0,1.0,0.0
85,BBCWorld,Sat Jan 13 22:46:51 +0000 2018,Mark Wahlberg donates reshoot fee to Time's Up defence fund https://t.co/syCTUVRSbw,0.1027,0.123,0.877,0.0
86,BBCWorld,Sat Jan 13 22:14:00 +0000 2018,"A woman's choice - sexual favours or lose her home?

A BBC News investigation reveals that sexual harassment in US… https://t.co/N9nz8TPF2d",-0.5267,0.117,0.625,0.258
87,BBCWorld,Sat Jan 13 19:23:39 +0000 2018,Baby Panda Yuan Meng makes debut in France https://t.co/WSBZuFkleO,0.0,0.0,1.0,0.0
88,BBCWorld,Sat Jan 13 18:59:50 +0000 2018,H&amp;M stores in South Africa trashed over 'racist' hoodie https://t.co/RT5JUoBUkN,0.0,0.0,1.0,0.0
89,BBCWorld,Sat Jan 13 18:45:45 +0000 2018,Hawaii sends out missile alert by mistake https://t.co/7PKwR2mQP0,-0.0516,0.208,0.566,0.226
90,BBCWorld,Sat Jan 13 17:40:21 +0000 2018,Donald Trump in excellent health - White House doctor https://t.co/pQJGI3netZ,0.5719,0.316,0.684,0.0
91,BBCWorld,Sat Jan 13 16:42:26 +0000 2018,ICYMI: Ex-crime boss caught out by ink https://t.co/bCwDdrO9qq,0.0,0.0,1.0,0.0
92,BBCWorld,Sat Jan 13 16:32:05 +0000 2018,How Australia's extreme heat might be here to stay https://t.co/hXWc0gC3AM,0.0,0.0,1.0,0.0
93,BBCWorld,Sat Jan 13 16:05:58 +0000 2018,France's first panda cub makes its public debut https://t.co/I8HQhjTN0D,0.0,0.0,1.0,0.0
94,BBCWorld,Sat Jan 13 14:58:08 +0000 2018,Syrian war: Reports of chlorine gas attack on rebel-held Eastern Ghouta https://t.co/VcguQuu5XG,-0.7906,0.0,0.588,0.412
95,BBCWorld,Sat Jan 13 14:20:01 +0000 2018,Czech election: Milos Zeman leads in first round https://t.co/tfLr52KHxl,0.0,0.0,1.0,0.0
96,BBCWorld,Sat Jan 13 13:27:55 +0000 2018,Russian club criticised for 'racist' tweet https://t.co/KQQ7hFltbd,-0.4215,0.0,0.682,0.318
97,BBCWorld,Sat Jan 13 12:46:37 +0000 2018,Liam Neeson 'on the fence' about Dustin Hoffman allegations https://t.co/oLNEweL24n,0.0,0.0,1.0,0.0
98,BBCWorld,Sat Jan 13 12:46:34 +0000 2018,Russian doping: Whistleblower Grigory Rodchenkov will testify but life under 'serious threat' https://t.co/9phTitBaWb,-0.7227,0.0,0.645,0.355
99,BBCWorld,Sat Jan 13 11:54:19 +0000 2018,South Africa's ANC leader Ramaphosa urges unity as Zuma booed https://t.co/h55cmh0k19,0.0,0.0,1.0,0.0
100,CBSNews,Mon Jan 15 07:48:05 +0000 2018,"Sen. Joe Manchin: No senator would make up ""atrocious"" remark attributed to Trump https://t.co/aBFxX3lYGh https://t.co/AzHm7fn82D",-0.296,0.0,0.864,0.136
101,CBSNews,Mon Jan 15 07:42:12 +0000 2018,New details in police chase of Greyhound bus with 40 people on board https://t.co/46tddmE7ox https://t.co/ck0xxnAzwX,0.0,0.0,1.0,0.0
102,CBSNews,Mon Jan 15 07:32:05 +0000 2018,"Jakarta Stock Exchange mezzanine collapse causes chaos, injures dozens https://t.co/p13XPSGPrS https://t.co/HA5jBSafcI",-0.7845,0.0,0.566,0.434
103,CBSNews,Mon Jan 15 07:18:09 +0000 2018,"Sen. Tom Cotton says Trump's words, sentiments on immigration were misrepresented https://t.co/b47Rfh3Wd5 https://t.co/9m7JomAnUx",0.0,0.0,1.0,0.0
104,CBSNews,Mon Jan 15 07:03:08 +0000 2018,2 children among the dead in triple homicide in Nashville https://t.co/shk17wnLaQ https://t.co/QAJB0L6SY3,-0.6486,0.0,0.699,0.301
105,CBSNews,Mon Jan 15 06:54:05 +0000 2018,Double suicide bombing in Baghdad takes deadly toll https://t.co/O6VAc4XeXn https://t.co/aw9kbdcKxY,-0.6705,0.0,0.667,0.333
106,CBSNews,Mon Jan 15 06:48:05 +0000 2018,"Speeding car goes airborne, crashes into second floor of California building https://t.co/KTVmW1PARt https://t.co/1nRqtgbw53",0.0,0.0,1.0,0.0
107,CBSNews,Mon Jan 15 06:33:07 +0000 2018,"Faith Salie on when POTUS uses ""$#!?hole"" language https://t.co/3QBUHSoHXm https://t.co/VblxRHE0a0",0.4753,0.256,0.744,0.0
108,CBSNews,Mon Jan 15 06:18:06 +0000 2018,"Nation Tracker: Americans weigh in on Trump immigration remarks, first year in office https://t.co/ZTHjPnue5C https://t.co/yrPtXD9qEP",0.0,0.0,1.0,0.0
109,CBSNews,Mon Jan 15 06:03:05 +0000 2018,"For chef Fabio Trabocchi, cooking is a family affair https://t.co/zlQCAs8bkc https://t.co/bdCmuji9JI",0.0,0.0,1.0,0.0
110,CBSNews,Mon Jan 15 05:48:05 +0000 2018,"Married couple killed as Amtrak train hits SUV in N.C., authorities say https://t.co/FPMz3jUYLb https://t.co/RCOkQq9Kp6",-0.6705,0.0,0.743,0.257
111,CBSNews,Mon Jan 15 05:36:38 +0000 2018,Motorist strikes officer before speeding off in NYC's Times Square https://t.co/M9jFmaWNbh https://t.co/i0a0x7lRcY,-0.3612,0.0,0.815,0.185
112,CBSNews,Mon Jan 15 05:28:06 +0000 2018,Woman in Michigan faces charges in death of 2nd infant https://t.co/M50AmEf0Jc https://t.co/EwIwEjoQOV,-0.7184,0.0,0.625,0.375
113,CBSNews,Mon Jan 15 05:18:08 +0000 2018,"Transcript: Sen. Tom Cotton on ""Face the Nation,"" Jan. 14, 2018 https://t.co/Ozz4tUiALF https://t.co/fZLC2zR0ZH",0.0,0.0,1.0,0.0
114,CBSNews,Mon Jan 15 05:03:07 +0000 2018,"Vikings stun Saints, 29-24, with 61-yard touchdown on last play https://t.co/5vhZOLQXUl https://t.co/ZjziY4DxkU",0.34,0.179,0.821,0.0
115,CBSNews,Mon Jan 15 04:48:04 +0000 2018,The American scientist who's seen North Korea's nuclear secrets https://t.co/KXwv4poO3M https://t.co/PqV6O5qcFf,0.0,0.0,1.0,0.0
116,CBSNews,Mon Jan 15 04:33:07 +0000 2018,"Media outlets around the world struggle to translate Trump's ""sh*thole"" comments https://t.co/nIToi8d89Z https://t.co/xtS37YafCQ",-0.3182,0.0,0.839,0.161
117,CBSNews,Mon Jan 15 04:18:12 +0000 2018,"Plane skids off runway in Turkey, comes to a rest on cliff https://t.co/11BnbBYs1H https://t.co/ZAWvCE8BCd",0.0,0.0,1.0,0.0
118,CBSNews,Mon Jan 15 04:03:04 +0000 2018,Reflections from Afghanistan https://t.co/awlHj6pXwm https://t.co/jr3QQ8iq53,0.0,0.0,1.0,0.0
119,CBSNews,Mon Jan 15 03:48:06 +0000 2018,Drawing the lines on gerrymandering https://t.co/aFi2sNK8Cc https://t.co/b1FU08Yshc,0.0,0.0,1.0,0.0
120,CBSNews,Mon Jan 15 07:48:05 +0000 2018,"Sen. Joe Manchin: No senator would make up ""atrocious"" remark attributed to Trump https://t.co/aBFxX3lYGh https://t.co/AzHm7fn82D",-0.296,0.0,0.864,0.136
121,CBSNews,Mon Jan 15 07:42:12 +0000 2018,New details in police chase of Greyhound bus with 40 people on board https://t.co/46tddmE7ox https://t.co/ck0xxnAzwX,0.0,0.0,1.0,0.0
122,CBSNews,Mon Jan 15 07:32:05 +0000 2018,"Jakarta Stock Exchange mezzanine collapse causes chaos, injures dozens https://t.co/p13XPSGPrS https://t.co/HA5jBSafcI",-0.7845,0.0,0.566,0.434
123,CBSNews,Mon Jan 15 07:18:09 +0000 2018,"Sen. Tom Cotton says Trump's words, sentiments on immigration were misrepresented https://t.co/b47Rfh3Wd5 https://t.co/9m7JomAnUx",0.0,0.0,1.0,0.0
124,CBSNews,Mon Jan 15 07:03:08 +0000 2018,2 children among the dead in triple homicide in Nashville https://t.co/shk17wnLaQ https://t.co/QAJB0L6SY3,-0.6486,0.0,0.699,0.301
125,CBSNews,Mon Jan 15 06:54:05 +0000 2018,Double suicide bombing in Baghdad takes deadly toll https://t.co/O6VAc4XeXn https://t.co/aw9kbdcKxY,-0.6705,0.0,0.667,0.333
126,CBSNews,Mon Jan 15 06:48:05 +0000 2018,"Speeding car goes airborne, crashes into second floor of California building https://t.co/KTVmW1PARt https://t.co/1nRqtgbw53",0.0,0.0,1.0,0.0
127,CBSNews,Mon Jan 15 06:33:07 +0000 2018,"Faith Salie on when POTUS uses ""$#!?hole"" language https://t.co/3QBUHSoHXm https://t.co/VblxRHE0a0",0.4753,0.256,0.744,0.0
128,CBSNews,Mon Jan 15 06:18:06 +0000 2018,"Nation Tracker: Americans weigh in on Trump immigration remarks, first year in office https://t.co/ZTHjPnue5C https://t.co/yrPtXD9qEP",0.0,0.0,1.0,0.0
129,CBSNews,Mon Jan 15 06:03:05 +0000 2018,"For chef Fabio Trabocchi, cooking is a family affair https://t.co/zlQCAs8bkc https://t.co/bdCmuji9JI",0.0,0.0,1.0,0.0
130,CBSNews,Mon Jan 15 05:48:05 +0000 2018,"Married couple killed as Amtrak train hits SUV in N.C., authorities say https://t.co/FPMz3jUYLb https://t.co/RCOkQq9Kp6",-0.6705,0.0,0.743,0.257
131,CBSNews,Mon Jan 15 05:36:38 +0000 2018,Motorist strikes officer before speeding off in NYC's Times Square https://t.co/M9jFmaWNbh https://t.co/i0a0x7lRcY,-0.3612,0.0,0.815,0.185
132,CBSNews,Mon Jan 15 05:28:06 +0000 2018,Woman in Michigan faces charges in death of 2nd infant https://t.co/M50AmEf0Jc https://t.co/EwIwEjoQOV,-0.7184,0.0,0.625,0.375
133,CBSNews,Mon Jan 15 05:18:08 +0000 2018,"Transcript: Sen. Tom Cotton on ""Face the Nation,"" Jan. 14, 2018 https://t.co/Ozz4tUiALF https://t.co/fZLC2zR0ZH",0.0,0.0,1.0,0.0
134,CBSNews,Mon Jan 15 05:03:07 +0000 2018,"Vikings stun Saints, 29-24, with 61-yard touchdown on last play https://t.co/5vhZOLQXUl https://t.co/ZjziY4DxkU",0.34,0.179,0.821,0.0
135,CBSNews,Mon Jan 15 04:48:04 +0000 2018,The American scientist who's seen North Korea's nuclear secrets https://t.co/KXwv4poO3M https://t.co/PqV6O5qcFf,0.0,0.0,1.0,0.0
136,CBSNews,Mon Jan 15 04:33:07 +0000 2018,"Media outlets around the world struggle to translate Trump's ""sh*thole"" comments https://t.co/nIToi8d89Z https://t.co/xtS37YafCQ",-0.3182,0.0,0.839,0.161
137,CBSNews,Mon Jan 15 04:18:12 +0000 2018,"Plane skids off runway in Turkey, comes to a rest on cliff https://t.co/11BnbBYs1H https://t.co/ZAWvCE8BCd",0.0,0.0,1.0,0.0
138,CBSNews,Mon Jan 15 04:03:04 +0000 2018,Reflections from Afghanistan https://t.co/awlHj6pXwm https://t.co/jr3QQ8iq53,0.0,0.0,1.0,0.0
139,CBSNews,Mon Jan 15 03:48:06 +0000 2018,Drawing the lines on gerrymandering https://t.co/aFi2sNK8Cc https://t.co/b1FU08Yshc,0.0,0.0,1.0,0.0
140,CBSNews,Mon Jan 15 03:46:04 +0000 2018,Aziz Ansari responds to woman's claim of sexual misconduct https://t.co/oD4RUWfHYo https://t.co/sxv1FNiim1,0.0,0.0,1.0,0.0
141,CBSNews,Mon Jan 15 03:33:05 +0000 2018,"Oprah Winfrey on ""Time's Up"": Where do we go from here? https://t.co/bB4sn21HFy https://t.co/82hHo946SD",0.0,0.0,1.0,0.0
142,CBSNews,Mon Jan 15 03:18:10 +0000 2018,"Sen. Joe Manchin: No senator would make up ""atrocious"" remark attributed to Trump https://t.co/J3eGgmG0rW https://t.co/tuYvIPzN5z",-0.296,0.0,0.864,0.136
143,CBSNews,Mon Jan 15 03:14:05 +0000 2018,U.K. party suspends leader's girlfriend over racist Meghan Markle remarks https://t.co/6Vu18bvGiS https://t.co/Pvneco0nFr,-0.3182,0.162,0.599,0.24
144,CBSNews,Mon Jan 15 03:03:05 +0000 2018,"Jaguars edge out Steelers 45-42, will meet Patriots for AFC title game https://t.co/TQr5kInUoF https://t.co/Fjl9N5rLji",0.0,0.0,1.0,0.0
145,CBSNews,Mon Jan 15 02:57:26 +0000 2018,"""I am not a racist. I am the least racist person you have ever interviewed."" Pres. Trump responds to accusations of… https://t.co/WpIzABa5zl",0.6298,0.25,0.66,0.089
146,CBSNews,Mon Jan 15 02:40:01 +0000 2018,Detectives probe claim that disgraced former politician Elliot Spitzer wanted to stab man during irate interaction… https://t.co/sfXwigqrfA,-0.8934,0.0,0.567,0.433
147,CBSNews,Mon Jan 15 02:21:32 +0000 2018,President Trump says he's not a racist days after his reported use of vulgar language to describe immigrants from A… https://t.co/k2ZZQM0UZK,0.4973,0.145,0.855,0.0
148,CBSNews,Mon Jan 15 02:00:01 +0000 2018,Driver trying to make an escape in NYC's Times Square hit a police officer with his car before speeding off… https://t.co/brvJXUDKli,0.1779,0.082,0.918,0.0
149,CBSNews,Mon Jan 15 01:40:01 +0000 2018,Former NBA star Dennis Rodman has been arrested on suspicion of DUI in Southern California https://t.co/a1Jrv9NEmv https://t.co/f23KGV8zmG,-0.6908,0.0,0.725,0.275
150,CBSNews,Mon Jan 15 01:20:01 +0000 2018,"Married couple killed as Amtrak train hits SUV in North Carolina, authorities say https://t.co/0DMiXjvmxu https://t.co/tRxRokswIx",-0.6705,0.0,0.757,0.243
151,CBSNews,Mon Jan 15 01:00:01 +0000 2018,"Is Portland still Portlandia? For years, the city has been the symbol for laid-back, inexpensive quirkiness, but it… https://t.co/CIvb18AOmO",0.0,0.0,1.0,0.0
152,CBSNews,Mon Jan 15 00:40:00 +0000 2018,"It may mostly be propaganda when North Korea boasts about its nuclear capabilities, but one American scientist says… https://t.co/phGnlcYC2S",-0.128,0.0,0.923,0.077
153,CBSNews,Mon Jan 15 00:20:03 +0000 2018,"In 16 years, the Afghan War has cost 2,400 American lives and $1 trillion. But with the country's capital under sie… https://t.co/sTj39YAIae",-0.5994,0.0,0.843,0.157
154,CBSNews,Mon Jan 15 00:00:01 +0000 2018,"Portland is known for its civic responsibility and tolerant disposition. Yet last May, the city also witnessed a ho… https://t.co/cYQMbwK08w",0.2732,0.104,0.896,0.0
155,CBSNews,Sun Jan 14 23:47:26 +0000 2018,"Footage shows firefighters responding to a casino boat engulfed in flames near Port Richey, Florida. Dozens of peop… https://t.co/g2hOxRv8HO",0.0,0.0,1.0,0.0
156,CBSNews,Sun Jan 14 23:21:01 +0000 2018,North Korea has been boasting about its growing nuclear arsenal for years. To make sure the US got the message that… https://t.co/t8qPSfrtMQ,0.4588,0.167,0.833,0.0
157,CBSNews,Sun Jan 14 22:41:01 +0000 2018,"The war in Afghanistan is the longest in US history. After 16 years, a trillion dollars and 2400 American lives, th… https://t.co/BOYYHwOKVi",-0.5994,0.0,0.837,0.163
158,CBSNews,Sun Jan 14 22:22:02 +0000 2018,Sen. Tom Cotton joined @FaceTheNation to discuss the immigration debate and the White House's handling of foreign h… https://t.co/uVoEbWZCle,0.0,0.0,1.0,0.0
159,CBSNews,Sun Jan 14 22:02:30 +0000 2018,The death toll in the California mudslides rises to 20 after another body was found during a search on Sunday.… https://t.co/2KkvWZs2Yx,-0.5994,0.0,0.83,0.17
160,CBSNews,Sun Jan 14 21:42:30 +0000 2018,WATCH: Vice President Mike Pence and Second lady Karen Pence lay a wreath at the Martin Luther King Jr. Memorial in… https://t.co/HpAbOrhV3P,0.0,0.0,1.0,0.0
161,CBSNews,Sun Jan 14 21:22:01 +0000 2018,Wake Island: Where America's day really begins (via @CBSSunday) https://t.co/GPySnDSyWU https://t.co/rWtcZILDIr,0.0,0.0,1.0,0.0
162,CBSNews,Sun Jan 14 20:42:01 +0000 2018,"FCC chairman Ajit Pai slams ""absolutely unacceptable"" Hawaii missile false alarm https://t.co/yTkPbHRnpc https://t.co/bqICePUA9M",-0.6901,0.0,0.659,0.341
163,CBSNews,Sun Jan 14 20:22:32 +0000 2018,WATCH: Five Axe-wielding thieves break into the Ritz Hotel in Paris and two get away with $5.4 million in stolen go… https://t.co/JmRSdi1xtA,-0.7579,0.0,0.755,0.245
164,CBSNews,Sun Jan 14 20:02:01 +0000 2018,"Sharon Stone's second chance: The Oscar-nominated actress is back, following a serious brain hemorrhage, to star in… https://t.co/Ovvt9WSfd6",0.1779,0.109,0.82,0.071
165,CBSNews,Sun Jan 14 19:42:01 +0000 2018,"Death toll from mudslides rises to 20 as recovery crews slowly make progress digging away masses of mud, boulders a… https://t.co/QGVCrbk6vS",-0.2732,0.109,0.739,0.152
166,CBSNews,Sun Jan 14 19:22:00 +0000 2018,"""It was hurtful, it's harmful, it shouldn't have been said, but let's move on,"" Sen. Joe Manchin said on… https://t.co/gz4EAGBvtQ",-0.296,0.0,0.896,0.104
167,CBSNews,Sun Jan 14 19:02:26 +0000 2018,How did this car go airborne and fly through a second story window? https://t.co/CQczupD4m0,0.0,0.0,1.0,0.0
168,CBSNews,Sun Jan 14 18:42:01 +0000 2018,"""I didn't hear it, and I was sitting no further away from Donald Trump than Dick Durbin was,"" Sen. Tom Cotton says… https://t.co/NOwrLcdh5t",-0.6705,0.0,0.784,0.216
169,CBSNews,Sun Jan 14 18:22:01 +0000 2018,"Sen. Cory Gardner told @FaceTheNation that the comments were ""unbecoming"" and that he hoped to ""move beyond"" it… https://t.co/kb98yjUrYC",0.3818,0.126,0.874,0.0
170,CBSNews,Sun Jan 14 18:02:01 +0000 2018,Drawing the lines on gerrymandering: @MoRocca on the history and controversy surrounding the re-drawing of politica… https://t.co/OwrdHEDlNb,0.0,0.0,1.0,0.0
171,CBSNews,Sun Jan 14 17:42:01 +0000 2018,"Oprah Winfrey on ""Time's Up"": Where do we go from here? (via @CBSSunday)
https://t.co/3cgFP79Sfy https://t.co/ZJi03m9zYH",0.0,0.0,1.0,0.0
172,CBSNews,Sun Jan 14 17:22:01 +0000 2018,"POLL: On the issues looming now, most Americans - 70% - favor DACA. Among President Trump's backers, a slim majorit… https://t.co/9tUVpsbLas",0.3535,0.145,0.782,0.073
173,CBSNews,Sun Jan 14 17:02:38 +0000 2018,Two drivers found themselves sitting on top of their cars as 7 feet of water engulfed their vehicles after trying t… https://t.co/37gX87ppMa,0.2023,0.083,0.917,0.0
174,CBSNews,Sun Jan 14 16:42:01 +0000 2018,"Almanac: ""Elvis: Aloha from Hawaii via Satellite"" (via @CBSSunday) https://t.co/HxFUnhSZhi https://t.co/iCOpn8Qxa7",0.0,0.0,1.0,0.0
175,CBSNews,Sun Jan 14 16:22:38 +0000 2018,WATCH: 21 crew members on board a bulk freighter were airlifted to safety after their ship collided with an oil tan… https://t.co/LNnOkRiEMB,0.4215,0.123,0.877,0.0
176,CBSNews,Sun Jan 14 16:02:01 +0000 2018,"Magnitude 7.1 earthquake hits off Pacific coast of Peru, killing at least 1 person https://t.co/YvlLorUaMK https://t.co/SbOSXEl1vX",-0.6597,0.0,0.761,0.239
177,CBSNews,Sun Jan 14 15:42:02 +0000 2018,"One year into Donald Trump's presidency, Americans feel more positive about the economy but not as good about the s… https://t.co/ftyV4dKCXm",-0.1686,0.1,0.774,0.127
178,CBSNews,Sun Jan 14 15:22:24 +0000 2018,"This couple made good on their New Year's resolution to ""live in the moment"" when they pulled over on their way hom… https://t.co/WpuNKbO9gf",0.4404,0.116,0.884,0.0
179,CBSNews,Sun Jan 14 15:02:39 +0000 2018,An airplane dangled precariously off a muddy cliff with its nose only a few feet from the Black Sea after skidding… https://t.co/skg62YX7UH,0.0,0.0,1.0,0.0
180,CBSNews,Sun Jan 14 14:42:01 +0000 2018,An airplane  skidded off a runway after landing in northern Turkey and dangled precariously off a muddy cliff with… https://t.co/509jsHceLo,0.0,0.0,1.0,0.0
181,CBSNews,Sun Jan 14 14:22:01 +0000 2018,Death toll from the Southern California mudslides rose to 19 on Saturday but a man who had also been on the list of… https://t.co/JhNkyAHY0n,-0.3506,0.0,0.9,0.1
182,CBSNews,Sun Jan 14 14:03:05 +0000 2018,"Bill Cosby: ""Don't put me on #MeToo"" https://t.co/BusCBZMIuU https://t.co/baoj9AxgBh",0.0,0.0,1.0,0.0
183,CBSNews,Sun Jan 14 13:48:05 +0000 2018,"Doreen Tracey, one of the original Disney Mouseketeers, has died at 74 https://t.co/DnE7beprHW https://t.co/Au0jTxwI18",-0.3182,0.128,0.67,0.201
184,CBSNews,Sun Jan 14 13:33:09 +0000 2018,Chelsea Manning files to run for Senate in Maryland https://t.co/yVuzVEFGNP https://t.co/Db7UzJSQFG,0.0,0.0,1.0,0.0
185,CBSNews,Sun Jan 14 13:18:05 +0000 2018,2018 flu season appears to hit deadly peak https://t.co/bzLnii2DoX https://t.co/Nlc6lKopjN,-0.3818,0.0,0.776,0.224
186,CBSNews,Sun Jan 14 13:03:05 +0000 2018,Missouri Gov. Eric Greitens accused of slapping mistress https://t.co/1r62UQlZ0z https://t.co/EaZZZjexQE,-0.296,0.0,0.804,0.196
187,CBSNews,Sun Jan 14 12:48:05 +0000 2018,H&amp;M stores in South Africa stormed over monkey hoodie https://t.co/W7KuxYkD6G https://t.co/BH1l82QFt6,0.0,0.0,1.0,0.0
188,CBSNews,Sun Jan 14 12:33:05 +0000 2018,Is your local Sam's Club closing? Check the reported closures list https://t.co/WQAxoofB8I https://t.co/aKsedcSEyW,0.0,0.0,1.0,0.0
189,CBSNews,Sun Jan 14 12:18:08 +0000 2018,"African ambassadors to U.N. call President Trump's remark ""outrageous, racist"" https://t.co/sLtzXfGMxp https://t.co/ePIozIuVhc",-0.6124,0.0,0.733,0.267
190,CBSNews,Sun Jan 14 12:03:05 +0000 2018,"Report: Killing of girl found burned called ""worst child death case"" Michigan has seen https://t.co/HYmoz26uBh https://t.co/adhnnksOL8",-0.9246,0.0,0.512,0.488
191,CBSNews,Sun Jan 14 11:48:05 +0000 2018,Hawaii missile alert: FCC launches investigation into false ballistic missile warning https://t.co/ElCIQHtDSx https://t.co/yRNqWDhKxG,-0.0516,0.141,0.705,0.154
192,CBSNews,Sun Jan 14 11:33:09 +0000 2018,Car passenger dies while stopping along Texas highway to urinate https://t.co/5ZQlO6Hpr8 https://t.co/MLpjG4eXhK,-0.1531,0.0,0.873,0.127
193,CBSNews,Sun Jan 14 11:18:08 +0000 2018,"Man who aided disoriented patient says ""she's doing a lot better"" https://t.co/1Qu0iO4pW5 https://t.co/9iqjaDacRs",0.1027,0.188,0.649,0.162
194,CBSNews,Sun Jan 14 11:03:05 +0000 2018,"President Trump cancels London trip, blames Obama administration https://t.co/f89KG3ujhd https://t.co/ACzfFDJNyT",-0.5574,0.0,0.635,0.365
195,CBSNews,Sun Jan 14 10:48:05 +0000 2018,"Frustrations, dark discoveries mount for California mudslide town https://t.co/8HMjguLU5c https://t.co/BxDjj7YVBv",-0.4588,0.0,0.75,0.25
196,CBSNews,Sun Jan 14 10:33:05 +0000 2018,Former U.S. Postal Service worker admits burning mail for months https://t.co/WwaDYvGk1P https://t.co/DSc8EgxfLt,0.296,0.167,0.833,0.0
197,CBSNews,Sun Jan 14 10:18:08 +0000 2018,"Suspect in fatal ""SWATting"" call charged with involuntary manslaughter https://t.co/TsMTi8GiCC https://t.co/w6csyZuNqq",-0.7579,0.0,0.516,0.484
198,CBSNews,Sun Jan 14 10:03:05 +0000 2018,"Paul Ryan calls President Trump's ""sh*thole"" comment ""very unfortunate"" and ""unhelpful"" https://t.co/CoKy77Mmku https://t.co/V8Zl9Ix6nk",-0.5095,0.0,0.785,0.215
199,CBSNews,Sun Jan 14 09:48:05 +0000 2018,"Records: FBI knew Las Vegas gunman had stashes of big guns, ammunition, explosives https://t.co/91VlEx8Hdy https://t.co/sVdhkIVlLj",0.0,0.0,1.0,0.0
200,CNN,Mon Jan 15 07:46:25 +0000 2018,US President Donald Trump defended himself on Sunday night after several days of controversy over his remarks about… https://t.co/rj9hKd5LhD,0.0,0.0,1.0,0.0
201,CNN,Mon Jan 15 07:40:07 +0000 2018,"""I am the least racist person you have ever interviewed."" 

US President Donald Trump tells reporters he is ""not a… https://t.co/nbVABBrjnQ",0.4973,0.139,0.861,0.0
202,CNN,Mon Jan 15 07:30:36 +0000 2018,"Bill Murray debuts his Steve Bannon on ""SNL"" https://t.co/JEtXv4Rf4P https://t.co/jRO4ZulrnD",0.0,0.0,1.0,0.0
203,CNN,Mon Jan 15 07:22:42 +0000 2018,NBA Hall of Famer Dennis Rodman has been charged with DUI in California https://t.co/LT2zoPToK1 https://t.co/3BPJa0l4IB,-0.2023,0.0,0.886,0.114
204,CNN,Mon Jan 15 07:12:37 +0000 2018,Republican Sen. Jeff Flake expected to deliver floor speech comparing Donald Trump's attacks on media to the rhetor… https://t.co/R0pz5Q8ghW,-0.4404,0.0,0.861,0.139
205,CNN,Mon Jan 15 07:00:12 +0000 2018,"Former Secretary of State Condoleezza Rice says ""nobody should try to impede"" special counselor Robert Mueller's in… https://t.co/3sDiUPKxIt",0.4019,0.137,0.863,0.0
206,CNN,Mon Jan 15 06:57:15 +0000 2018,"The Philippines' most active volcano has shown signs of imminent eruption, forcing thousands of people on the main… https://t.co/AkBfgCh7IP",0.4576,0.143,0.857,0.0
207,CNN,Mon Jan 15 06:49:19 +0000 2018,"North and South Korea are discussing fielding a joint ice hockey team in next month's Winter Olympics, a potential… https://t.co/y8lfo8eDCh",0.0,0.0,1.0,0.0
208,CNN,Mon Jan 15 06:31:26 +0000 2018,"It takes 300 people, 12,000 parts and a year to make a single Steinway &amp; Sons piano. Here’s how the pianos are made… https://t.co/W7x1hLdx1K",0.0,0.0,1.0,0.0
209,CNN,Mon Jan 15 06:30:00 +0000 2018,Images are circulating on social media showing the extent of the damage caused by the floor collapse at the Jakarta… https://t.co/2JOvvrPZuO,-0.7506,0.0,0.748,0.252
210,CNN,Mon Jan 15 06:14:23 +0000 2018,"JUST IN: One of the floors at the Jakarta stock exchange building has collapsed, according to a spokeswoman… https://t.co/K4YrnzPQT3",-0.2732,0.0,0.89,0.11
211,CNN,Mon Jan 15 06:00:12 +0000 2018,Iceland made it illegal to pay women less than men https://t.co/sXpcdm3LZ0 https://t.co/TZtIPzSRV8,-0.6124,0.0,0.667,0.333
212,CNN,Mon Jan 15 05:47:44 +0000 2018,High-level officials from North and South Korea are meeting again Monday -- a follow-up to last week's diplomatic b… https://t.co/eqwHsPRxAS,0.0,0.0,1.0,0.0
213,CNN,Mon Jan 15 05:30:07 +0000 2018,"Engineers sue Google, alleging that it discriminates against conservatives, white people and men… https://t.co/yixAiMEcPo",0.0,0.0,1.0,0.0
214,CNN,Mon Jan 15 05:28:57 +0000 2018,Here is what it was like getting a false missile alert in Hawaii https://t.co/9nf6BXG20n (via @CNNOpinion),0.5719,0.266,0.734,0.0
215,CNN,Mon Jan 15 05:09:27 +0000 2018,Palestinian Authority President Mahmoud Abbas appears to have confirmed reports that the Trump administration has e… https://t.co/8dq8El6pT2,0.0772,0.075,0.925,0.0
216,CNN,Mon Jan 15 04:56:49 +0000 2018,"""I am the least racist person you have ever interviewed."" 

US President Donald Trump tells reporters he is ""not a… https://t.co/MtlXANYUbc",0.4973,0.139,0.861,0.0
217,CNN,Mon Jan 15 04:32:15 +0000 2018,Reuters chief says journalists jailed in Myanmar need the public https://t.co/AqoUUA021H https://t.co/Mb9DksdwZN,-0.4939,0.0,0.775,0.225
218,CNN,Mon Jan 15 04:30:14 +0000 2018,Iran has released more than 400 people detained in anti-government protests that broke out across the country in la… https://t.co/JWjB2FnbeX,-0.7506,0.0,0.697,0.303
219,CNN,Mon Jan 15 04:30:11 +0000 2018,Diet Coke is introducing four new flavors and a skinnier can in a move targeted at Millennials… https://t.co/AJCy2ZDJEW,0.0,0.0,1.0,0.0
220,CNN,Mon Jan 15 07:46:25 +0000 2018,US President Donald Trump defended himself on Sunday night after several days of controversy over his remarks about… https://t.co/rj9hKd5LhD,0.0,0.0,1.0,0.0
221,CNN,Mon Jan 15 07:40:07 +0000 2018,"""I am the least racist person you have ever interviewed."" 

US President Donald Trump tells reporters he is ""not a… https://t.co/nbVABBrjnQ",0.4973,0.139,0.861,0.0
222,CNN,Mon Jan 15 07:30:36 +0000 2018,"Bill Murray debuts his Steve Bannon on ""SNL"" https://t.co/JEtXv4Rf4P https://t.co/jRO4ZulrnD",0.0,0.0,1.0,0.0
223,CNN,Mon Jan 15 07:22:42 +0000 2018,NBA Hall of Famer Dennis Rodman has been charged with DUI in California https://t.co/LT2zoPToK1 https://t.co/3BPJa0l4IB,-0.2023,0.0,0.886,0.114
224,CNN,Mon Jan 15 07:12:37 +0000 2018,Republican Sen. Jeff Flake expected to deliver floor speech comparing Donald Trump's attacks on media to the rhetor… https://t.co/R0pz5Q8ghW,-0.4404,0.0,0.861,0.139
225,CNN,Mon Jan 15 07:00:12 +0000 2018,"Former Secretary of State Condoleezza Rice says ""nobody should try to impede"" special counselor Robert Mueller's in… https://t.co/3sDiUPKxIt",0.4019,0.137,0.863,0.0
226,CNN,Mon Jan 15 06:57:15 +0000 2018,"The Philippines' most active volcano has shown signs of imminent eruption, forcing thousands of people on the main… https://t.co/AkBfgCh7IP",0.4576,0.143,0.857,0.0
227,CNN,Mon Jan 15 06:49:19 +0000 2018,"North and South Korea are discussing fielding a joint ice hockey team in next month's Winter Olympics, a potential… https://t.co/y8lfo8eDCh",0.0,0.0,1.0,0.0
228,CNN,Mon Jan 15 06:31:26 +0000 2018,"It takes 300 people, 12,000 parts and a year to make a single Steinway &amp; Sons piano. Here’s how the pianos are made… https://t.co/W7x1hLdx1K",0.0,0.0,1.0,0.0
229,CNN,Mon Jan 15 06:30:00 +0000 2018,Images are circulating on social media showing the extent of the damage caused by the floor collapse at the Jakarta… https://t.co/2JOvvrPZuO,-0.7506,0.0,0.748,0.252
230,CNN,Mon Jan 15 06:14:23 +0000 2018,"JUST IN: One of the floors at the Jakarta stock exchange building has collapsed, according to a spokeswoman… https://t.co/K4YrnzPQT3",-0.2732,0.0,0.89,0.11
231,CNN,Mon Jan 15 06:00:12 +0000 2018,Iceland made it illegal to pay women less than men https://t.co/sXpcdm3LZ0 https://t.co/TZtIPzSRV8,-0.6124,0.0,0.667,0.333
232,CNN,Mon Jan 15 05:47:44 +0000 2018,High-level officials from North and South Korea are meeting again Monday -- a follow-up to last week's diplomatic b… https://t.co/eqwHsPRxAS,0.0,0.0,1.0,0.0
233,CNN,Mon Jan 15 05:30:07 +0000 2018,"Engineers sue Google, alleging that it discriminates against conservatives, white people and men… https://t.co/yixAiMEcPo",0.0,0.0,1.0,0.0
234,CNN,Mon Jan 15 05:28:57 +0000 2018,Here is what it was like getting a false missile alert in Hawaii https://t.co/9nf6BXG20n (via @CNNOpinion),0.5719,0.266,0.734,0.0
235,CNN,Mon Jan 15 05:09:27 +0000 2018,Palestinian Authority President Mahmoud Abbas appears to have confirmed reports that the Trump administration has e… https://t.co/8dq8El6pT2,0.0772,0.075,0.925,0.0
236,CNN,Mon Jan 15 04:56:49 +0000 2018,"""I am the least racist person you have ever interviewed."" 

US President Donald Trump tells reporters he is ""not a… https://t.co/MtlXANYUbc",0.4973,0.139,0.861,0.0
237,CNN,Mon Jan 15 04:32:15 +0000 2018,Reuters chief says journalists jailed in Myanmar need the public https://t.co/AqoUUA021H https://t.co/Mb9DksdwZN,-0.4939,0.0,0.775,0.225
238,CNN,Mon Jan 15 04:30:14 +0000 2018,Iran has released more than 400 people detained in anti-government protests that broke out across the country in la… https://t.co/JWjB2FnbeX,-0.7506,0.0,0.697,0.303
239,CNN,Mon Jan 15 04:30:11 +0000 2018,Diet Coke is introducing four new flavors and a skinnier can in a move targeted at Millennials… https://t.co/AJCy2ZDJEW,0.0,0.0,1.0,0.0
240,CNN,Mon Jan 15 04:22:10 +0000 2018,NBA Hall of Famer Dennis Rodman has been charged with DUI in California https://t.co/jUCB6rZpuZ https://t.co/oQ1MzmmfBi,-0.2023,0.0,0.886,0.114
241,CNN,Mon Jan 15 04:01:51 +0000 2018,This is how people in Hawaii reacted to the missile scare https://t.co/RGxi6lzXEz https://t.co/7wbiOuYRPf,-0.4939,0.0,0.789,0.211
242,CNN,Mon Jan 15 03:53:02 +0000 2018,Oil tanker burning in the East China Sea sinks https://t.co/fXyBozdAy7 https://t.co/TDxiPF4m3K,0.0,0.0,1.0,0.0
243,CNN,Mon Jan 15 03:47:03 +0000 2018,"As a citizen of Norway, I can tell you we're not flattered, but offended by President Trump's eagerness to have us… https://t.co/ABxifbiD8Y",0.6209,0.233,0.701,0.066
244,CNN,Mon Jan 15 03:41:06 +0000 2018,"Former US Defense Secretary Chuck Hagel called President Donald Trump ""an embarrassment"" and said he ""is doing grea… https://t.co/RBu9ly88f8",-0.34,0.07,0.794,0.136
245,CNN,Mon Jan 15 03:31:21 +0000 2018,Here's a 2018 guide to Macau's best casinos https://t.co/NxOy7F0bLZ via @CNNTravel https://t.co/qiKuWFw8sY,0.6369,0.296,0.704,0.0
246,CNN,Mon Jan 15 03:30:05 +0000 2018,Pope Francis faces tensions on South America trip https://t.co/fgCzAXzNp2 https://t.co/nWNbl5PRMN,-0.4019,0.0,0.769,0.231
247,CNN,Mon Jan 15 03:19:41 +0000 2018,The NFL playoff game between the Pittsburgh Steelers and Jacksonville Jaguars went off without a hitch Sunday after… https://t.co/W8Cxr9AyxG,0.0,0.0,1.0,0.0
248,CNN,Mon Jan 15 03:06:51 +0000 2018,Republican Sen. Jeff Flake expected to deliver floor speech comparing Donald Trump's attacks on media to the rhetor… https://t.co/YdvUmj4SWe,-0.4404,0.0,0.861,0.139
249,CNN,Mon Jan 15 02:58:02 +0000 2018,"Pope Francis' trip to South America this week is supposed to be all about peace, unity and hope. But the pontiff co… https://t.co/7ahjjpVlOA",0.7506,0.234,0.766,0.0
250,CNN,Mon Jan 15 02:48:54 +0000 2018,What went wrong with Hawaii's false emergency alert https://t.co/fjy61y5FMG,-0.5423,0.158,0.432,0.41
251,CNN,Mon Jan 15 02:30:04 +0000 2018,Lawmakers bemoan backlash over President Trump's comments amid bipartisan push for DACA deal https://t.co/D7aieSPe9j https://t.co/GhpLsBugxt,0.0,0.0,1.0,0.0
252,CNN,Mon Jan 15 02:30:04 +0000 2018,This is how the missile detection and emergency messaging systems are supposed to work — and what went wrong in Haw… https://t.co/7iVBPidjFw,-0.6908,0.0,0.769,0.231
253,CNN,Mon Jan 15 02:25:51 +0000 2018,"'This place is a shithole' projected onto Trump hotel, with emojis https://t.co/DWVdDmSPUk",0.0,0.0,1.0,0.0
254,CNN,Mon Jan 15 02:08:25 +0000 2018,"A growing movement is targeting single-use plastic straws, which are not recyclable and often end up littering the… https://t.co/IdAcBXI7vh",0.1779,0.091,0.909,0.0
255,CNN,Mon Jan 15 02:00:20 +0000 2018,"Donald Trump owes each and every American money, writes Dean Obeidallah for @CNNOpinion https://t.co/m6JA2YQRuw https://t.co/HIKd2YKp2g",0.0,0.0,1.0,0.0
256,CNN,Mon Jan 15 01:54:22 +0000 2018,Palestinian Authority President Mahmoud Abbas appears to have confirmed reports that the Trump administration has e… https://t.co/IarWjcTR36,0.0772,0.075,0.925,0.0
257,CNN,Mon Jan 15 01:39:04 +0000 2018,"""They made a mistake."" Donald Trump makes first comments about the false ballistic missile alert sent out by Hawaii… https://t.co/h2DXwJFtX2",0.296,0.109,0.891,0.0
258,CNN,Mon Jan 15 01:30:08 +0000 2018,Nearly 180 people have been killed in Syria's Eastern Ghouta in two weeks https://t.co/h12qDm3sdI https://t.co/H47o7fn2u4,-0.6705,0.0,0.757,0.243
259,CNN,Mon Jan 15 01:15:01 +0000 2018,"A member of Qatar's royal family has said he is being held against his will in the United Arab Emirates, a claim di… https://t.co/oZpLazCALD",0.4215,0.118,0.882,0.0
260,CNN,Mon Jan 15 01:06:43 +0000 2018,US President Donald Trump defended himself on Sunday night after several days of controversy over his remarks about… https://t.co/fDuwcKRkc9,0.0,0.0,1.0,0.0
261,CNN,Mon Jan 15 01:00:17 +0000 2018,A bipartisan group of New Jersey elected officials has teamed up to oppose President Trump's offshore drilling prop… https://t.co/CGFm69CuTg,0.0,0.0,1.0,0.0
262,CNN,Mon Jan 15 00:56:20 +0000 2018,"""I am the least racist person you have ever interviewed."" 

US President Donald Trump tells reporters he is ""not a… https://t.co/lVHf3DgznS",0.4973,0.139,0.861,0.0
263,CNN,Mon Jan 15 00:30:13 +0000 2018,Republican Sen. Jeff Flake of Arizona is expected to deliver a floor speech comparing President Trump's attacks on… https://t.co/vgFoMBXH6Z,-0.4404,0.0,0.854,0.146
264,CNN,Mon Jan 15 00:15:59 +0000 2018,"Passengers swim to safety after fire on casino shuttle boat north of Tampa, Florida https://t.co/cL1r0pLwhh https://t.co/bvSiNqZt64",0.1027,0.146,0.729,0.125
265,CNN,Mon Jan 15 00:00:19 +0000 2018,Facebook COO Sheryl Sandberg and Twitter CEO Jack Dorsey are off Disney's board https://t.co/U8ju0MmpcP https://t.co/nupNfNTEpB,0.0,0.0,1.0,0.0
266,CNN,Sun Jan 14 23:30:19 +0000 2018,"As a citizen of Norway, I can tell you we're not flattered, but offended by President Trump's eagerness to have us… https://t.co/xfkngzkOJ5",0.6209,0.233,0.701,0.066
267,CNN,Sun Jan 14 23:00:26 +0000 2018,"Republican Rep. Trey Gowdy steps down from the House Ethics Committee, citing ""challenging workload""… https://t.co/P6KESVqIna",0.1531,0.103,0.897,0.0
268,CNN,Sun Jan 14 22:45:11 +0000 2018,"Former Secretary of State Condoleezza Rice says ""nobody should try to impede"" special counselor Robert Mueller's in… https://t.co/XJhwoPl8b9",0.4019,0.137,0.863,0.0
269,CNN,Sun Jan 14 22:30:07 +0000 2018,Here is what it was like getting a false missile alert in Hawaii https://t.co/Fdb5p3gkB8 (via @CNNOpinion),0.5719,0.266,0.734,0.0
270,CNN,Sun Jan 14 22:15:07 +0000 2018,Former President Bill Clinton has denied accusations that his charity used donations for Haiti to pay for his daugh… https://t.co/QMdhhtwj2s,-0.4215,0.11,0.63,0.26
271,CNN,Sun Jan 14 22:00:22 +0000 2018,What it was like in Hawaii during the missile scare https://t.co/3LvS91y137 https://t.co/g3Cw5D8U0r,-0.1779,0.159,0.637,0.204
272,CNN,Sun Jan 14 21:45:11 +0000 2018,"Former Massachusetts Gov. Mitt Romney texted a friend that he plans to run for Senate this year, according to a new… https://t.co/R8RHd5PGWJ",0.4939,0.144,0.856,0.0
273,CNN,Sun Jan 14 21:30:40 +0000 2018,"Bill Murray debuts his Steve Bannon on ""SNL"" https://t.co/t7fEoWSvfv https://t.co/JHHg3LDfMy",0.0,0.0,1.0,0.0
274,CNN,Sun Jan 14 21:15:13 +0000 2018,Ford brings back the Ranger https://t.co/jsXQSDFQkl https://t.co/LpV0jNTNC0,0.0,0.0,1.0,0.0
275,CNN,Sun Jan 14 21:00:03 +0000 2018,"FCC Chairman Ajit Pai says an investigation into Hawaii's false missile alarm already is showing the state lacked ""… https://t.co/VRnQ8zSMkN",-0.34,0.0,0.888,0.112
276,CNN,Sun Jan 14 20:45:13 +0000 2018,Oil tanker burning in the East China Sea sinks https://t.co/1euEe3p3y3 https://t.co/QUDB7SLb4J,0.0,0.0,1.0,0.0
277,CNN,Sun Jan 14 20:30:04 +0000 2018,NBA Hall of Famer Dennis Rodman has been charged with DUI in California https://t.co/SC7WVnV5mv https://t.co/UXDeY8UTdY,-0.2023,0.0,0.886,0.114
278,CNN,Sun Jan 14 20:15:04 +0000 2018,"""The Handmaid's Tale"" season 2 has a premiere date https://t.co/tsr3hqVPP1 https://t.co/Jfd9dryyZd",0.0,0.0,1.0,0.0
279,CNN,Sun Jan 14 20:00:22 +0000 2018,"Former Secretary of State Condoleezza Rice says North Korean leader Kim Jong Un is ""turning out, much more so than… https://t.co/IugCXWZdrK",0.0,0.0,1.0,0.0
280,CNN,Sun Jan 14 19:45:03 +0000 2018,"Iranian President Hassan Rouhani says President Trump ""failed"" to kill off nuclear deal https://t.co/ie86Cf9DRu https://t.co/a1z7oSG0ln",-0.6908,0.0,0.749,0.251
281,CNN,Sun Jan 14 19:30:12 +0000 2018,At least 20 people are dead and others still are missing after mudslides in Southern California… https://t.co/U41PcnfZht,-0.7579,0.0,0.698,0.302
282,CNN,Sun Jan 14 19:15:03 +0000 2018,Tunisia plans social reforms in the wake of protests https://t.co/uTraFXWzLL https://t.co/wQmR2eFtbR,-0.2263,0.0,0.84,0.16
283,CNN,Sun Jan 14 19:00:12 +0000 2018,A deadly earthquake has shaken southern Peru https://t.co/f8ViS6UPT5 https://t.co/s8A2ivDlAD,-0.0772,0.0,0.843,0.157
284,CNN,Sun Jan 14 18:45:08 +0000 2018,The Israeli military says it has destroyed a mile-long tunnel that stretched from Gaza under Israel and into Egypt… https://t.co/LG3UgVMfc6,-0.4939,0.0,0.849,0.151
285,CNN,Sun Jan 14 18:30:06 +0000 2018,He's from El Salvador. They're American. President Trump could separate them. https://t.co/OvJP8k1bHU https://t.co/rRQ6ri7xdS,0.0,0.0,1.0,0.0
286,CNN,Sun Jan 14 18:15:08 +0000 2018,"Don't be fooled. Wall Street, not Main Street, is the big tax winner. https://t.co/zk9AqIAUDQ https://t.co/S3ukij0Cpr",0.717,0.315,0.685,0.0
287,CNN,Sun Jan 14 18:00:18 +0000 2018,"Bobby Zarin, the husband of former ""The Real Housewives of New York City"" cast member, dies at 71… https://t.co/AwSDzy82zA",0.0,0.0,1.0,0.0
288,CNN,Sun Jan 14 17:46:46 +0000 2018,"Democratic Rep. Tulsi Gabbard says the false ballistic missile warning in Hawaii was ""unacceptable""… https://t.co/kHHpFrh498",-0.34,0.0,0.854,0.146
289,CNN,Sun Jan 14 17:30:09 +0000 2018,"President Trump tweets that ""DACA is probably dead"" https://t.co/S3ltZk6F8Z https://t.co/vPh2oQy8gL",-0.6486,0.0,0.677,0.323
290,CNN,Sun Jan 14 17:15:05 +0000 2018,The White House has attacked the Wall Street Journal over an interview with President Trump https://t.co/i29jaWA1IA https://t.co/YJozfX2soe,-0.4588,0.0,0.842,0.158
291,CNN,Sun Jan 14 17:00:12 +0000 2018,"Republican Sen. David Perdue says President Trump didn't use the phrase ""shithole countries"" during a meeting with… https://t.co/OEefLfAHVy",0.0,0.0,1.0,0.0
292,CNN,Sun Jan 14 16:46:53 +0000 2018,"""[President Trump has] to understand this is a grown-up job, and he's got to start acting like it."" Former Virginia… https://t.co/exca8uuMDt",0.3612,0.116,0.884,0.0
293,CNN,Sun Jan 14 16:30:05 +0000 2018,"Democratic Rep. John Lewis calls President Trump ""racist"" and says he won't vote on government funding without DACA… https://t.co/mLplHlthib",0.0,0.0,1.0,0.0
294,CNN,Sun Jan 14 16:15:06 +0000 2018,"It's important for news audiences to hear certain words in association with President Trump, writes Jeff Yang for… https://t.co/mpxMdRieqd",0.4404,0.187,0.813,0.0
295,CNN,Sun Jan 14 16:02:41 +0000 2018,"""I can't defend the indefensible."" Republican Rep. Mia Love, the first Haitian-American elected to Congress, says P… https://t.co/yPnwiMz2Ib",0.4588,0.188,0.714,0.098
296,CNN,Sun Jan 14 15:48:19 +0000 2018,".@FareedZakaria on Trump: ""We appear to have returned to the 1920s. An era of unrestrained capitalism, giddy market… https://t.co/WzxflpapIp",-0.1531,0.0,0.918,0.082
297,CNN,Sun Jan 14 14:54:58 +0000 2018,".@jaketapper: Are you going to challenge Trump in 2020?

@TerryMcAuliffe: “I’m doing a big project on redistricting… https://t.co/B2ON5LxZRJ",0.0772,0.075,0.925,0.0
298,CNN,Sun Jan 14 14:46:59 +0000 2018,".@jaketapper: “Do you think President Trump is a racist?”

Former Virginia Gov. @TerryMcAuliffe: “I certainly think… https://t.co/yIqzFvlA0k",0.34,0.138,0.862,0.0
299,CNN,Sun Jan 14 14:46:44 +0000 2018,"Former Virginia Gov. Terry McAuliffe on President Trump’s immigration comments: “Disgraceful, disgusting. He just c… https://t.co/RGOEtY7wRR",-0.5267,0.0,0.815,0.185
300,FoxNews,Mon Jan 15 07:49:01 +0000 2018,"On @FoxNewsSunday, California @AGBecerra stated that President @realDonaldTrump is a racist. https://t.co/uWy1ElA9il https://t.co/7QHr11BiBc",-0.6124,0.0,0.733,0.267
301,FoxNews,Mon Jan 15 07:45:06 +0000 2018,"On @foxandfriends, @Varneyco praised President @realDonaldTrump's economic record in comparison to his predecessor'… https://t.co/Jc6mrmMpRU",0.4939,0.198,0.802,0.0
302,FoxNews,Mon Jan 15 07:30:19 +0000 2018,"Flake's upcoming speech compares Trump's criticism of media to Stalin, report says https://t.co/yjc08TuXhn via @LukasMikelionis",-0.4404,0.0,0.828,0.172
303,FoxNews,Mon Jan 15 07:27:06 +0000 2018,"Steve Kalafer: ""You can either send money to Washington or you can give it to your employees. The employees earned… https://t.co/8rzE7N6dIG",0.0,0.0,1.0,0.0
304,FoxNews,Mon Jan 15 07:24:45 +0000 2018,"Second floor of Indonesia Stock Exchange collapses, around a dozen people injured https://t.co/20p2kpHEkh via @FoxBusiness",-0.5994,0.0,0.71,0.29
305,FoxNews,Mon Jan 15 07:15:01 +0000 2018,".@TerryMcAuliffe Rips 'Disgraceful, Disgusting' @POTUS Over DACA Remarks https://t.co/iIgeN4YJcd",-0.5267,0.0,0.702,0.298
306,FoxNews,Mon Jan 15 07:07:05 +0000 2018,World War II veteran reunited with lost dog tag. https://t.co/3pqdfBlwod,-0.7351,0.0,0.563,0.437
307,FoxNews,Mon Jan 15 07:04:05 +0000 2018,"On @foxandfriends, @RCamposDuffy slammed @NancyPelosi for saying companies' bonuses to workers following the passag… https://t.co/DNjy9H2xnk",0.5574,0.205,0.795,0.0
308,FoxNews,Mon Jan 15 07:00:55 +0000 2018,"VA hospital’s urine sample mix-up led cocaine addict diagnosis, vet says https://t.co/MgG3uswcwy",0.0,0.0,1.0,0.0
309,FoxNews,Mon Jan 15 06:43:01 +0000 2018,".@jpmorgan CEO Jamie Dimon: ""I think 4% is possible."" https://t.co/hVHOVWVv2Y",0.0,0.0,1.0,0.0
310,FoxNews,Mon Jan 15 06:40:06 +0000 2018,".@RajShah45: ""@POTUS wants to see real border security. He wants to see movement on chain migration and ending the… https://t.co/bZbEPAwWZS",0.34,0.112,0.888,0.0
311,FoxNews,Mon Jan 15 05:50:01 +0000 2018,.@JustinTrudeau on Abortion: 'Restricting Women's Rights' Not In Line With Society https://t.co/IluBxuENNq https://t.co/VnxwIlEiIU,-0.3818,0.0,0.822,0.178
312,FoxNews,Mon Jan 15 05:29:04 +0000 2018,".@MarkSKrikorian: ""The average illegal immigrant costs taxpayers, over his lifetime... $75,000 - and that's just th… https://t.co/BTorUZ17zo",-0.5574,0.0,0.806,0.194
313,FoxNews,Mon Jan 15 05:24:03 +0000 2018,".@Nissan Chairman Carlos Ghosn: ""As a businessperson I just applaud this economy... You need to give this President… https://t.co/qhuMKmmqcP",0.4588,0.158,0.842,0.0
314,FoxNews,Mon Jan 15 04:59:02 +0000 2018,".@DiamondandSilk: ""@realDonaldTrump is not a racist. He's a realist. And the only color he sees is green and he wan… https://t.co/Ws3F2vRYdP",0.4973,0.152,0.848,0.0
315,FoxNews,Mon Jan 15 04:50:01 +0000 2018,".@CortesSteve: Instead of criticizing Trump on immigration issues, we should thank him for doing his job… https://t.co/IqxkPC9sln",0.0,0.125,0.75,0.125
316,FoxNews,Mon Jan 15 04:49:05 +0000 2018,".@Varneyco: ""President Trump is not getting the credit that he deserves."" https://t.co/vhprbO6t4z",-0.2924,0.0,0.834,0.166
317,FoxNews,Mon Jan 15 04:46:03 +0000 2018,Poll: Do you think race relations in the U.S. are getting worse or staying the same? https://t.co/6aTtYMHtKF,-0.4767,0.0,0.838,0.162
318,FoxNews,Mon Jan 15 04:44:04 +0000 2018,First indictment in Uranium One probe. https://t.co/UTTuQiMz1T,0.0,0.0,1.0,0.0
319,FoxNews,Mon Jan 15 04:43:06 +0000 2018,".@AlvedaCKing: ""Uncle ML, Martin Luther King Jr., was considered to be an agitator, an outsider sometimes - and it… https://t.co/MAngCMLt55",-0.34,0.0,0.882,0.118
320,FoxNews,Mon Jan 15 07:49:01 +0000 2018,"On @FoxNewsSunday, California @AGBecerra stated that President @realDonaldTrump is a racist. https://t.co/uWy1ElA9il https://t.co/7QHr11BiBc",-0.6124,0.0,0.733,0.267
321,FoxNews,Mon Jan 15 07:45:06 +0000 2018,"On @foxandfriends, @Varneyco praised President @realDonaldTrump's economic record in comparison to his predecessor'… https://t.co/Jc6mrmMpRU",0.4939,0.198,0.802,0.0
322,FoxNews,Mon Jan 15 07:30:19 +0000 2018,"Flake's upcoming speech compares Trump's criticism of media to Stalin, report says https://t.co/yjc08TuXhn via @LukasMikelionis",-0.4404,0.0,0.828,0.172
323,FoxNews,Mon Jan 15 07:27:06 +0000 2018,"Steve Kalafer: ""You can either send money to Washington or you can give it to your employees. The employees earned… https://t.co/8rzE7N6dIG",0.0,0.0,1.0,0.0
324,FoxNews,Mon Jan 15 07:24:45 +0000 2018,"Second floor of Indonesia Stock Exchange collapses, around a dozen people injured https://t.co/20p2kpHEkh via @FoxBusiness",-0.5994,0.0,0.71,0.29
325,FoxNews,Mon Jan 15 07:15:01 +0000 2018,".@TerryMcAuliffe Rips 'Disgraceful, Disgusting' @POTUS Over DACA Remarks https://t.co/iIgeN4YJcd",-0.5267,0.0,0.702,0.298
326,FoxNews,Mon Jan 15 07:07:05 +0000 2018,World War II veteran reunited with lost dog tag. https://t.co/3pqdfBlwod,-0.7351,0.0,0.563,0.437
327,FoxNews,Mon Jan 15 07:04:05 +0000 2018,"On @foxandfriends, @RCamposDuffy slammed @NancyPelosi for saying companies' bonuses to workers following the passag… https://t.co/DNjy9H2xnk",0.5574,0.205,0.795,0.0
328,FoxNews,Mon Jan 15 07:00:55 +0000 2018,"VA hospital’s urine sample mix-up led cocaine addict diagnosis, vet says https://t.co/MgG3uswcwy",0.0,0.0,1.0,0.0
329,FoxNews,Mon Jan 15 06:43:01 +0000 2018,".@jpmorgan CEO Jamie Dimon: ""I think 4% is possible."" https://t.co/hVHOVWVv2Y",0.0,0.0,1.0,0.0
330,FoxNews,Mon Jan 15 06:40:06 +0000 2018,".@RajShah45: ""@POTUS wants to see real border security. He wants to see movement on chain migration and ending the… https://t.co/bZbEPAwWZS",0.34,0.112,0.888,0.0
331,FoxNews,Mon Jan 15 05:50:01 +0000 2018,.@JustinTrudeau on Abortion: 'Restricting Women's Rights' Not In Line With Society https://t.co/IluBxuENNq https://t.co/VnxwIlEiIU,-0.3818,0.0,0.822,0.178
332,FoxNews,Mon Jan 15 05:29:04 +0000 2018,".@MarkSKrikorian: ""The average illegal immigrant costs taxpayers, over his lifetime... $75,000 - and that's just th… https://t.co/BTorUZ17zo",-0.5574,0.0,0.806,0.194
333,FoxNews,Mon Jan 15 05:24:03 +0000 2018,".@Nissan Chairman Carlos Ghosn: ""As a businessperson I just applaud this economy... You need to give this President… https://t.co/qhuMKmmqcP",0.4588,0.158,0.842,0.0
334,FoxNews,Mon Jan 15 04:59:02 +0000 2018,".@DiamondandSilk: ""@realDonaldTrump is not a racist. He's a realist. And the only color he sees is green and he wan… https://t.co/Ws3F2vRYdP",0.4973,0.152,0.848,0.0
335,FoxNews,Mon Jan 15 04:50:01 +0000 2018,".@CortesSteve: Instead of criticizing Trump on immigration issues, we should thank him for doing his job… https://t.co/IqxkPC9sln",0.0,0.125,0.75,0.125
336,FoxNews,Mon Jan 15 04:49:05 +0000 2018,".@Varneyco: ""President Trump is not getting the credit that he deserves."" https://t.co/vhprbO6t4z",-0.2924,0.0,0.834,0.166
337,FoxNews,Mon Jan 15 04:46:03 +0000 2018,Poll: Do you think race relations in the U.S. are getting worse or staying the same? https://t.co/6aTtYMHtKF,-0.4767,0.0,0.838,0.162
338,FoxNews,Mon Jan 15 04:44:04 +0000 2018,First indictment in Uranium One probe. https://t.co/UTTuQiMz1T,0.0,0.0,1.0,0.0
339,FoxNews,Mon Jan 15 04:43:06 +0000 2018,".@AlvedaCKing: ""Uncle ML, Martin Luther King Jr., was considered to be an agitator, an outsider sometimes - and it… https://t.co/MAngCMLt55",-0.34,0.0,0.882,0.118
340,FoxNews,Mon Jan 15 04:40:02 +0000 2018,.@JustinTrudeau on Abortion: 'Restricting Women's Rights' Not In Line With Society https://t.co/IluBxuENNq https://t.co/FiPWlBBiZs,-0.3818,0.0,0.822,0.178
341,FoxNews,Mon Jan 15 04:34:03 +0000 2018,".@DennisPrager: ""Folks on the left are trying to do on the Internet at @Google?-@YouTube... what the left is doing… https://t.co/QfM4WipHvc",0.0,0.0,1.0,0.0
342,FoxNews,Mon Jan 15 04:28:02 +0000 2018,"On @foxandfriends, @Varneyco praised the economic impact of President @realDonaldTrump. https://t.co/Tq0Mvlvgma https://t.co/JeGOy52MLk",0.4939,0.225,0.775,0.0
343,FoxNews,Mon Jan 15 04:22:05 +0000 2018,".@NigerInnisCORE: ""It could be a raining thunderstorm outside and @POTUS could give Lewis and 'Mad Max'… https://t.co/eIFGqWvjNa",-0.4939,0.0,0.824,0.176
344,FoxNews,Mon Jan 15 04:16:07 +0000 2018,Poll: Do you think race relations in the U.S. are good or bad? https://t.co/ydWt1XLpQr,-0.1531,0.158,0.652,0.19
345,FoxNews,Mon Jan 15 04:12:03 +0000 2018,"This morning, President @realDonaldTrump declared that ""DACA is probably dead."" https://t.co/rmJNZSMcH1 https://t.co/iMXz7UKLIg",0.0,0.0,1.0,0.0
346,FoxNews,Mon Jan 15 04:06:05 +0000 2018,".@DiamondandSilk: ""It sounds like @BarackObama is living on a planet in La La Land. He's the one who's running arou… https://t.co/cSbitN4GZo",0.3612,0.116,0.884,0.0
347,FoxNews,Mon Jan 15 04:00:04 +0000 2018,"On @FoxNewsSunday, California @AGBecerra stated that President @realDonaldTrump is a racist. https://t.co/uWy1ElA9il https://t.co/6BZiApqAL4",-0.6124,0.0,0.733,0.267
348,FoxNews,Mon Jan 15 03:55:06 +0000 2018,"Joe Arpaio on running for Senate in Arizona: ""I never had a hero, it took me 75 years to find a hero, and that's… https://t.co/3ikhbqRzNq",-0.7048,0.0,0.782,0.218
349,FoxNews,Mon Jan 15 03:47:00 +0000 2018,"Drugged driver crashes car into second story of California building, officials say https://t.co/wUmpA3CPHT",0.0,0.0,1.0,0.0
350,FoxNews,Mon Jan 15 03:41:00 +0000 2018,Georgia high school janitor accused of spying on girl's locker room https://t.co/noz0j8ezp2,-0.296,0.0,0.833,0.167
351,FoxNews,Mon Jan 15 03:36:00 +0000 2018,"Palestinian leader Abbas rips Trump, vows 'we will slap back' at president https://t.co/9jOdqPJCKb",0.1531,0.118,0.882,0.0
352,FoxNews,Mon Jan 15 03:31:00 +0000 2018,Thai junta boss eyes staying on with little stopping him https://t.co/wnTAXck6Qy,-0.079,0.0,0.884,0.116
353,FoxNews,Mon Jan 15 03:25:06 +0000 2018,"Rescuers search homes off East Valley Road in Montecito, California after deadly mudslides pummeled parts of Southe… https://t.co/TFhJjYDoUc",0.0,0.0,1.0,0.0
354,FoxNews,Mon Jan 15 03:25:03 +0000 2018,Hawaii's false missile threat: Worker who pushed wrong button to be reassigned https://t.co/eHb9oquMzb,-0.7579,0.0,0.629,0.371
355,FoxNews,Mon Jan 15 03:15:00 +0000 2018,"GOP senator Perdue comes to Trump's defense after 's---hole' outcry, questions Durbin's credibility https://t.co/27zpSBRH9l",-0.4215,0.089,0.714,0.196
356,FoxNews,Mon Jan 15 03:08:23 +0000 2018,".@CortesSteve: Instead of criticizing @realDonaldTrump on immigration issues, we should thank him for doing his job https://t.co/0veqK9tX4p",0.0,0.125,0.75,0.125
357,FoxNews,Mon Jan 15 03:06:53 +0000 2018,"RT @FoxNewsResearch: ISIS-related cases in the U.S. ?
•42% of cases involved individuals born outside U.S.
•Most common countries of origin…",0.0,0.0,1.0,0.0
358,FoxNews,Mon Jan 15 03:05:02 +0000 2018,JANUARY 20th: @TeamCavuto is LIVE in Washington for 2 hours - Don't miss #Cavuto Live every Saturday from 10a to 12… https://t.co/BpGDGHakWQ,0.1139,0.071,0.929,0.0
359,FoxNews,Mon Jan 15 02:57:00 +0000 2018,Liam Neeson sees 'a bit of a witch hunt' in Hollywood's sexual misconduct scandals https://t.co/lEs1xT2eu8,-0.6908,0.0,0.678,0.322
360,FoxNews,Mon Jan 15 02:49:00 +0000 2018,Medieval Times introduces female lead for first time in 34-year history https://t.co/vAd5UOTRZu,0.0,0.0,1.0,0.0
361,FoxNews,Mon Jan 15 02:45:12 +0000 2018,Koreas discuss Northern art troupe's planned visit during Olympics https://t.co/6YDNdPJYKq,0.0,0.0,1.0,0.0
362,FoxNews,Mon Jan 15 02:32:22 +0000 2018,".@ConanOBrien jabs @realDonaldTrump, announces he's taking his show to Haiti https://t.co/JlPGH4gvzM",0.0,0.0,1.0,0.0
363,FoxNews,Mon Jan 15 02:22:59 +0000 2018,".@LucyFlores on DACA: ""You're not against Dreamers because you're not for spending unnecessary tax dollars... what… https://t.co/J7w7vLw0Uc",0.0,0.0,1.0,0.0
364,FoxNews,Mon Jan 15 02:19:36 +0000 2018,".@jasoninthehouse on DACA: ""I do think think we can actually solve these problems but the Democrats have gotta be t… https://t.co/WjiGLFq48e",-0.1154,0.063,0.854,0.083
365,FoxNews,Mon Jan 15 02:17:02 +0000 2018,.@realDonaldTrump denied claims that he's a racist following allegations of a vulgar comment that lawmakers said he… https://t.co/BXbV7lYAGA,-0.7845,0.0,0.67,0.33
366,FoxNews,Mon Jan 15 02:16:44 +0000 2018,".@jasoninthehouse: ""The fact that [@POTUS] is actually talking about [DACA] and the Democrats don't even wanna show… https://t.co/8WXJmMPLTQ",0.0,0.0,1.0,0.0
367,FoxNews,Mon Jan 15 02:09:22 +0000 2018,".@LisaMarieBoothe on DACA: ""Democrats and [@POTUS] are pretty far apart about what they want to accomplish.""… https://t.co/NI1ORHba65",0.5423,0.231,0.769,0.0
368,FoxNews,Mon Jan 15 02:07:00 +0000 2018,Minnesota Vikings shock New Orleans Saints with final-play TD https://t.co/bdbAPyi6d9,-0.3818,0.0,0.776,0.224
369,FoxNews,Mon Jan 15 02:05:34 +0000 2018,"Aziz Ansari responds to accusation of sexual harassment by NYC woman, 23 https://t.co/UO4X2TcGei",-0.6705,0.0,0.667,0.333
370,FoxNews,Mon Jan 15 01:35:32 +0000 2018,"Civil Rights Attorney Leo Terrell: ""Middle America loves @Oprah, and that's Donald #Trump's biggest fear.""… https://t.co/JPAwGvUyTh",0.5719,0.198,0.802,0.0
371,FoxNews,Mon Jan 15 01:34:01 +0000 2018,".@RedPillBlack: ""I don't think the Democratic Party cares so much what [@Oprah] knows, they think about what she re… https://t.co/Ljg0gXHGvc",0.6908,0.241,0.759,0.0
372,FoxNews,Mon Jan 15 01:29:05 +0000 2018,".@POTUS says Dems don't want to make DACA deal, adds he's 'not a racist' https://t.co/fazwUGaT6N",0.4585,0.196,0.73,0.074
373,FoxNews,Mon Jan 15 01:28:10 +0000 2018,Jim Carrey and other stars share updates from Hawaii following ballistic-missile false alarm https://t.co/KSNTUmFT0R,-0.0516,0.133,0.723,0.145
374,FoxNews,Mon Jan 15 01:27:33 +0000 2018,"Civil Rights Attorney Leo Terrell: ""@Oprah has likability. In the last 24 hours, Donald #Trump doesn't have that. T… https://t.co/bLskyWYGO7",0.0,0.0,1.0,0.0
375,FoxNews,Mon Jan 15 01:19:16 +0000 2018,"OPINION: Baby steps, America. The 'but so-and-so did it first!' defense is for toddlers, not national discourse (vi… https://t.co/p7SeibPV3G",0.2598,0.102,0.898,0.0
376,FoxNews,Mon Jan 15 01:15:05 +0000 2018,Canada's Trudeau: 'Removing Access to Abortion' Not In Line With Society https://t.co/IluBxuncVS,0.0,0.0,1.0,0.0
377,FoxNews,Mon Jan 15 01:12:35 +0000 2018,University to review appearance by @benshapiro https://t.co/yCReTZKZWn,0.0,0.0,1.0,0.0
378,FoxNews,Mon Jan 15 01:07:46 +0000 2018,".@GaryKaltbaum: ""This whole tax thing has been not just a home run, but a grand slam."" https://t.co/VDfTaaDh50 https://t.co/LGawc1qnBI",0.6124,0.211,0.789,0.0
379,FoxNews,Mon Jan 15 01:03:43 +0000 2018,Casino boat catches fire off Florida with 50 passengers aboard https://t.co/cvTRuWVaoe,-0.3182,0.088,0.72,0.192
380,FoxNews,Mon Jan 15 00:51:50 +0000 2018,"Moments ago, President @realDonaldTrump answered reporter questions about DACA as a government shutdown looms.… https://t.co/fXSBPIvUjU",0.0,0.0,1.0,0.0
381,FoxNews,Mon Jan 15 00:35:00 +0000 2018,"Colorado nurse, 20, dies in bungee jumping accident https://t.co/IJQiEwGB96 #FoxNewsUS",-0.4767,0.0,0.744,0.256
382,FoxNews,Mon Jan 15 00:22:20 +0000 2018,"RT @EricShawnTV: ""We thank President Trump,""say #IranProtesters, who praise the American public for their support.  Here's my exclusive wit…",0.8519,0.407,0.593,0.0
383,FoxNews,Mon Jan 15 00:21:19 +0000 2018,".@POTUS: ""The folks from DACA should know the Democrats are the ones that aren't going to make a deal.""… https://t.co/HdDOBtYCWc",0.0,0.0,1.0,0.0
384,FoxNews,Mon Jan 15 00:19:40 +0000 2018,".@POTUS: ""We're ready, willing and able to make a deal on DACA."" https://t.co/DAb1fmVnvw",0.3612,0.185,0.815,0.0
385,FoxNews,Mon Jan 15 00:09:14 +0000 2018,"Defense Attorney Robert Schalk on possible #Trump interview with Mueller: ""[@POTUS] could be opening himself up...t… https://t.co/5FHthYxRfG",0.128,0.086,0.914,0.0
386,FoxNews,Mon Jan 15 00:08:28 +0000 2018,".@POTUS criticizes Democrats over DACA as government shutdown looms, Phil Keating reports. https://t.co/JejH8Wa6XM https://t.co/nyNRSCFSLt",-0.4588,0.0,0.75,0.25
387,FoxNews,Sun Jan 14 23:58:50 +0000 2018,Eliza Dushku: 'True Lies' stunt coordinator Joel Kramer molested me when I was 12 https://t.co/suuRJ89MXV,-0.4404,0.144,0.564,0.292
388,FoxNews,Sun Jan 14 23:56:22 +0000 2018,".@gen_jackkeane on talks between North Korea and South Korea: ""We need to have some skepticism about these negotiat… https://t.co/3xGbT3o8CW",-0.25,0.0,0.9,0.1
389,FoxNews,Sun Jan 14 23:53:24 +0000 2018,"RT @FoxNewsResearch: World’s Largest Active Armed Forces:
1. China: 2.3 million
2. India: 1.4 million
3. U.S.: 1.3 million
4. North Korea:…",0.4019,0.114,0.886,0.0
390,FoxNews,Sun Jan 14 23:50:40 +0000 2018,Liam Neeson believes gender wage gap is 'disgraceful' but will not take a pay cut https://t.co/oFDyM5O7vD,0.395,0.22,0.78,0.0
391,FoxNews,Sun Jan 14 23:50:40 +0000 2018,".@gen_jackkeane on Hawaii's false missile threat: ""They made a mistake here and they [have] a bad system. They [hav… https://t.co/nCTNAdtS6m",-0.8519,0.0,0.617,0.383
392,FoxNews,Sun Jan 14 23:46:37 +0000 2018,".@gen_jackkeane: ""We have the capacity to track any missile launch, any place in the world, through our satellites… https://t.co/j6IA3W2r5f",0.0,0.0,1.0,0.0
393,FoxNews,Sun Jan 14 23:43:34 +0000 2018,OPINION: Want to live longer? The US system of free-market investment in cures is the answer (via @FoxNewsOpinion) https://t.co/mbJUyAUvyw,0.0772,0.067,0.933,0.0
394,FoxNews,Sun Jan 14 23:36:50 +0000 2018,Casino boat catches fire off Florida with 50 passengers aboard; 1 reported missing https://t.co/yWlg0XX9j5,-0.5423,0.07,0.637,0.293
395,FoxNews,Sun Jan 14 23:35:20 +0000 2018,"Anti-government protesters in Iran thank President #Trump for his support, @EricShawnTV reports.… https://t.co/Fdk9huX1ZA",0.5106,0.304,0.585,0.111
396,FoxNews,Sun Jan 14 23:31:25 +0000 2018,Hawaii's false missile threat: Worker 'feels terrible' after pushing the wrong button https://t.co/HW0WY2Eyhm,-0.8625,0.0,0.51,0.49
397,FoxNews,Sun Jan 14 23:28:59 +0000 2018,".@akarl_smith: ""Immigration is really #Trump's signature issue, so any acceptance by him on a bipartisan deal...he… https://t.co/wBeWtP3dDm",0.507,0.179,0.821,0.0
398,FoxNews,Sun Jan 14 23:17:32 +0000 2018,Hawaii false alarm raises concerns over U.S. preparedness in case of a real threat https://t.co/qJu9Jmyz66 https://t.co/oZ634ELLij,-0.7003,0.0,0.691,0.309
399,FoxNews,Sun Jan 14 23:14:12 +0000 2018,".@VP laid a wreath at the Martin Luther King, Jr. National Memorial with Second Lady Karen Pence ahead of #MLK Day. https://t.co/OS7FHGrpVf",0.0,0.0,1.0,0.0
400,NYTimes,Mon Jan 15 07:45:20 +0000 2018,Indonesian Stock Exchange Ceiling Collapses https://t.co/3TmLIDyHfr,-0.296,0.0,0.694,0.306
401,NYTimes,Mon Jan 15 07:43:47 +0000 2018,"RT @NYTFashion: At Brooks Brothers, “We’re not good because we’re old, we’re old because we’re good.” https://t.co/exthzdadbY",-0.3412,0.0,0.869,0.131
402,NYTimes,Mon Jan 15 07:26:41 +0000 2018,"""I am not sure there are rules for reporting on the homeless that don’t apply to living in general. Be careful. Be… https://t.co/0OlEgiDgGt",-0.0931,0.065,0.855,0.08
403,NYTimes,Mon Jan 15 07:09:53 +0000 2018,"Their 25-year courtship was deeply rooted in friendship, love and their shared interest in social issues https://t.co/xj09S3t8Ev",0.9147,0.495,0.505,0.0
404,NYTimes,Mon Jan 15 06:52:43 +0000 2018,RT @NYTScience: What's the point of going to Mars if there isn't any beer there? https://t.co/fE3rXPcYR5,0.0,0.0,1.0,0.0
405,NYTimes,Mon Jan 15 06:35:07 +0000 2018,"As the population of Amish and Mennonites rises in New York State, horses and buggies have become a chronic traffic… https://t.co/urigxIPT5c",0.0,0.0,1.0,0.0
406,NYTimes,Mon Jan 15 06:16:45 +0000 2018,"RT @nytimesmusic: ""If anyone wants to explore their individuality, it’s not right for people to tell you no.” Camila Cabello steps out on h…",0.0,0.0,1.0,0.0
407,NYTimes,Mon Jan 15 05:58:39 +0000 2018,"Australian Open: Within Hours, Three Top Americans Fall https://t.co/FYJgT1lHhs",0.2023,0.184,0.816,0.0
408,NYTimes,Mon Jan 15 05:46:11 +0000 2018,"In Trump’s Remarks, Black Churches See a Nation Backsliding https://t.co/Z4xpmYcsdY",0.0,0.0,1.0,0.0
409,NYTimes,Mon Jan 15 05:37:04 +0000 2018,Opinion: How democracies perish https://t.co/C9Is1SZwoX,0.0,0.0,1.0,0.0
410,NYTimes,Mon Jan 15 05:18:32 +0000 2018,Detroit Auto Show May Be Celebrating an Era About to End https://t.co/vfYgjs0Mmi,0.5719,0.252,0.748,0.0
411,NYTimes,Mon Jan 15 05:17:01 +0000 2018,Japan is scrambling to ensure it has a future in an electric-car world https://t.co/wcNjkiCz8t,0.3818,0.178,0.822,0.0
412,NYTimes,Mon Jan 15 05:00:26 +0000 2018,“You make one mistake and it’s all gone” https://t.co/MnAyUcq0Jg,-0.34,0.0,0.769,0.231
413,NYTimes,Mon Jan 15 04:42:52 +0000 2018,"""We swerved all of a sudden. The front of the plane crashed and the back was in the air. Everyone panicked."" https://t.co/6ZM7AdmpjU",0.0,0.0,1.0,0.0
414,NYTimes,Mon Jan 15 04:25:18 +0000 2018,RT @NYTHealth: Germany and other countries have health care systems that don't allow people with diabetes and other chronic illnesses to go…,-0.1695,0.118,0.702,0.18
415,NYTimes,Mon Jan 15 04:07:54 +0000 2018,"Doug Harvey, Hall of Fame Umpire Whom Players Called God, Dies at 87 https://t.co/4MND81qAdm",0.6124,0.294,0.706,0.0
416,NYTimes,Mon Jan 15 03:57:48 +0000 2018,"In Iran, Protester ‘Suicides’ Stir Anger and Calls for Accountability https://t.co/ipFcTXrdPU",-0.5719,0.0,0.73,0.27
417,NYTimes,Mon Jan 15 03:54:37 +0000 2018,"The Saturday Profile: Cairo’s Lawsuit King Sues Actors, Belly Dancers, Even Puppet Shows https://t.co/9aTTItWgPH",-0.2263,0.0,0.872,0.128
418,NYTimes,Mon Jan 15 03:47:51 +0000 2018,"When a woman was raped in a Brooklyn park in 1994, a columnist called it a hoax. But new DNA testing has solved the… https://t.co/r9ymHZJG43",-0.6808,0.078,0.672,0.25
419,NYTimes,Mon Jan 15 03:31:40 +0000 2018,Review: A Fantasy Town Builds a Wall Against Time in ‘Ballyturk’ https://t.co/DX8gucTmZA,0.0,0.0,1.0,0.0
420,NYTimes,Mon Jan 15 07:45:20 +0000 2018,Indonesian Stock Exchange Ceiling Collapses https://t.co/3TmLIDyHfr,-0.296,0.0,0.694,0.306
421,NYTimes,Mon Jan 15 07:43:47 +0000 2018,"RT @NYTFashion: At Brooks Brothers, “We’re not good because we’re old, we’re old because we’re good.” https://t.co/exthzdadbY",-0.3412,0.0,0.869,0.131
422,NYTimes,Mon Jan 15 07:26:41 +0000 2018,"""I am not sure there are rules for reporting on the homeless that don’t apply to living in general. Be careful. Be… https://t.co/0OlEgiDgGt",-0.0931,0.065,0.855,0.08
423,NYTimes,Mon Jan 15 07:09:53 +0000 2018,"Their 25-year courtship was deeply rooted in friendship, love and their shared interest in social issues https://t.co/xj09S3t8Ev",0.9147,0.495,0.505,0.0
424,NYTimes,Mon Jan 15 06:52:43 +0000 2018,RT @NYTScience: What's the point of going to Mars if there isn't any beer there? https://t.co/fE3rXPcYR5,0.0,0.0,1.0,0.0
425,NYTimes,Mon Jan 15 06:35:07 +0000 2018,"As the population of Amish and Mennonites rises in New York State, horses and buggies have become a chronic traffic… https://t.co/urigxIPT5c",0.0,0.0,1.0,0.0
426,NYTimes,Mon Jan 15 06:16:45 +0000 2018,"RT @nytimesmusic: ""If anyone wants to explore their individuality, it’s not right for people to tell you no.” Camila Cabello steps out on h…",0.0,0.0,1.0,0.0
427,NYTimes,Mon Jan 15 05:58:39 +0000 2018,"Australian Open: Within Hours, Three Top Americans Fall https://t.co/FYJgT1lHhs",0.2023,0.184,0.816,0.0
428,NYTimes,Mon Jan 15 05:46:11 +0000 2018,"In Trump’s Remarks, Black Churches See a Nation Backsliding https://t.co/Z4xpmYcsdY",0.0,0.0,1.0,0.0
429,NYTimes,Mon Jan 15 05:37:04 +0000 2018,Opinion: How democracies perish https://t.co/C9Is1SZwoX,0.0,0.0,1.0,0.0
430,NYTimes,Mon Jan 15 05:18:32 +0000 2018,Detroit Auto Show May Be Celebrating an Era About to End https://t.co/vfYgjs0Mmi,0.5719,0.252,0.748,0.0
431,NYTimes,Mon Jan 15 05:17:01 +0000 2018,Japan is scrambling to ensure it has a future in an electric-car world https://t.co/wcNjkiCz8t,0.3818,0.178,0.822,0.0
432,NYTimes,Mon Jan 15 05:00:26 +0000 2018,“You make one mistake and it’s all gone” https://t.co/MnAyUcq0Jg,-0.34,0.0,0.769,0.231
433,NYTimes,Mon Jan 15 04:42:52 +0000 2018,"""We swerved all of a sudden. The front of the plane crashed and the back was in the air. Everyone panicked."" https://t.co/6ZM7AdmpjU",0.0,0.0,1.0,0.0
434,NYTimes,Mon Jan 15 04:25:18 +0000 2018,RT @NYTHealth: Germany and other countries have health care systems that don't allow people with diabetes and other chronic illnesses to go…,-0.1695,0.118,0.702,0.18
435,NYTimes,Mon Jan 15 04:07:54 +0000 2018,"Doug Harvey, Hall of Fame Umpire Whom Players Called God, Dies at 87 https://t.co/4MND81qAdm",0.6124,0.294,0.706,0.0
436,NYTimes,Mon Jan 15 03:57:48 +0000 2018,"In Iran, Protester ‘Suicides’ Stir Anger and Calls for Accountability https://t.co/ipFcTXrdPU",-0.5719,0.0,0.73,0.27
437,NYTimes,Mon Jan 15 03:54:37 +0000 2018,"The Saturday Profile: Cairo’s Lawsuit King Sues Actors, Belly Dancers, Even Puppet Shows https://t.co/9aTTItWgPH",-0.2263,0.0,0.872,0.128
438,NYTimes,Mon Jan 15 03:47:51 +0000 2018,"When a woman was raped in a Brooklyn park in 1994, a columnist called it a hoax. But new DNA testing has solved the… https://t.co/r9ymHZJG43",-0.6808,0.078,0.672,0.25
439,NYTimes,Mon Jan 15 03:31:40 +0000 2018,Review: A Fantasy Town Builds a Wall Against Time in ‘Ballyturk’ https://t.co/DX8gucTmZA,0.0,0.0,1.0,0.0
440,NYTimes,Mon Jan 15 03:30:20 +0000 2018,Go gray https://t.co/nXX1Fg4cXh,0.0,0.0,1.0,0.0
441,NYTimes,Mon Jan 15 03:11:26 +0000 2018,False Missile Alert Looms as a Black Eye for Hawaii and Its Governor https://t.co/cKivw4Lp8R,0.1531,0.149,0.743,0.108
442,NYTimes,Mon Jan 15 03:08:23 +0000 2018,Secret Tunnel in Berlin Is an Echo From the Cold War https://t.co/6TP8ugbXRc,-0.5994,0.0,0.738,0.262
443,NYTimes,Mon Jan 15 02:59:58 +0000 2018,"RT @nytimesarts: In the battle of the peak-TV queens, it's Victoria's turn https://t.co/JJ8nOjD3sw",-0.3818,0.0,0.822,0.178
444,NYTimes,Mon Jan 15 02:42:05 +0000 2018,"""We fully felt like we were about to die. I drove to try to get to my kids even though I knew I probably wouldn't m… https://t.co/7QiaxcR3Kp",-0.2782,0.097,0.767,0.136
445,NYTimes,Mon Jan 15 02:22:26 +0000 2018,"‘I’m Not a Racist,’ Trump Says in Denying Vulgar Comment https://t.co/ZKVU1jeUvj",-0.34,0.0,0.789,0.211
446,NYTimes,Mon Jan 15 02:09:54 +0000 2018,"Male sea turtles are disappearing from Australia’s Great Barrier Reef, a new study suggests https://t.co/zjW4rysnUz",0.5574,0.233,0.682,0.085
447,NYTimes,Mon Jan 15 01:55:56 +0000 2018,"Breaking News: ""I'm not a racist."" President Trump insisted again on Sunday that he did not make a vulgar comment l… https://t.co/NUWF6ipxCm",0.0,0.0,1.0,0.0
448,NYTimes,Mon Jan 15 01:49:14 +0000 2018,Vikings Shock Saints on Last-Second Touchdown by Stefon Diggs https://t.co/l8VlsKxwQe,-0.3818,0.0,0.776,0.224
449,NYTimes,Mon Jan 15 01:41:54 +0000 2018,"""You can't look down to read the speech, you have to take the speech up. Because if you did your neck would break.""… https://t.co/CqxEpjEwpZ",0.0,0.0,1.0,0.0
450,NYTimes,Mon Jan 15 01:22:55 +0000 2018,"""You can't look down to read the speech, you have to take the speech up. Because if you did your neck would break.""… https://t.co/yan4tsOORc",0.0,0.0,1.0,0.0
451,NYTimes,Mon Jan 15 01:04:22 +0000 2018,President Trump accused The Wall Street Journal of purposely misquoting him. The Journal responded by posting an au… https://t.co/HhluE5bIs5,-0.296,0.0,0.891,0.109
452,NYTimes,Mon Jan 15 00:47:03 +0000 2018,Essay: The Poet of Light https://t.co/2vn1TEtBSN,0.0,0.0,1.0,0.0
453,NYTimes,Mon Jan 15 00:41:27 +0000 2018,"""The risk of accidental nuclear war is not hypothetical — accidents have happened in the past, and humans will err… https://t.co/uetTDZsMuI",-0.6529,0.078,0.633,0.289
454,NYTimes,Mon Jan 15 00:24:05 +0000 2018,Military Quietly Prepares for a Last Resort: War With North Korea https://t.co/wS6mIkgOHl,-0.5994,0.0,0.719,0.281
455,NYTimes,Mon Jan 15 00:20:30 +0000 2018,"Missouri’s Combative Governor, Deep in Scandal, Puts on the Charm https://t.co/VFpPcoDS4l",-0.0516,0.185,0.616,0.199
456,NYTimes,Mon Jan 15 00:18:48 +0000 2018,What does the false missile alert in Hawaii tell us about these government-run warning systems? That they need majo… https://t.co/UDeoSKSwC4,-0.0516,0.097,0.796,0.106
457,NYTimes,Mon Jan 15 00:00:20 +0000 2018,A Republican senator who was at the White House immigration meeting said President Trump did not use a vulgarity to… https://t.co/rGfKAmEWbl,0.0,0.0,1.0,0.0
458,NYTimes,Sun Jan 14 23:35:56 +0000 2018,Op-Ed Contributor: How the Other Half Lives in Iran https://t.co/X6m7ZC5XTP,0.0,0.0,1.0,0.0
459,NYTimes,Sun Jan 14 23:30:28 +0000 2018,RT @nytopinion: President Trump's actions break with years of American nuclear policy. They also make it harder to persuade other nations t…,0.0,0.0,1.0,0.0
460,NYTimes,Sun Jan 14 23:09:05 +0000 2018,Darren Criss Plays the Happy-Go-Lucky Killer in the Versace TV Drama https://t.co/PuXylc9q3N,-0.5106,0.123,0.613,0.264
461,NYTimes,Sun Jan 14 23:00:27 +0000 2018,"In some countries, Facebook’s fiddling has magnified fake news https://t.co/Wve2NysTcL",-0.4767,0.0,0.744,0.256
462,NYTimes,Sun Jan 14 22:33:02 +0000 2018,"Video: A plane trying to land in Turkey made a heart-stopping skid off a runway, ending up feet from the Black Sea https://t.co/AAIn0KNDLt",0.0,0.0,1.0,0.0
463,NYTimes,Sun Jan 14 22:06:15 +0000 2018,"Jaguars 45, Steelers 42 | Divisional round: Jaguars Stun Steelers to Reach A.F.C. Championship Game https://t.co/Oib9KNWqS1",0.4588,0.235,0.765,0.0
464,NYTimes,Sun Jan 14 22:00:23 +0000 2018,"In 1968, The Beatles trudged through dense forest to an ashram in India, where they spent weeks writing songs. The… https://t.co/4qS0piKNqA",0.0,0.0,1.0,0.0
465,NYTimes,Sun Jan 14 21:45:50 +0000 2018,"""The risk of accidental nuclear war is not hypothetical — accidents have happened in the past, and humans will err… https://t.co/bdUCvziesG",-0.6529,0.078,0.633,0.289
466,NYTimes,Sun Jan 14 21:28:39 +0000 2018,"""SNL"" took aim at ""Morning Joe,"" with Bill Murray as Stephen Bannon and Fred Armisen as Michael Wolff https://t.co/CEFnI9EeMJ",0.0,0.0,1.0,0.0
467,NYTimes,Sun Jan 14 21:10:06 +0000 2018,"An unspectacular week at the box office led ""Jumanji: Welcome to the Jungle"" back to No. 1 https://t.co/X1g2x0lEiQ",0.2023,0.149,0.743,0.109
468,NYTimes,Sun Jan 14 21:00:04 +0000 2018,"""It’s remarkable how well it has eased my twitchy phone checking."" A small group of people have turned their phone… https://t.co/VFsnM5ajbG",0.7845,0.317,0.683,0.0
469,NYTimes,Sun Jan 14 20:43:04 +0000 2018,"He's being called ""frost boy."" But the image of an 8-year-old with icicles in his hair who trekked miles to school… https://t.co/jNM6ZqNlwb",0.0,0.0,1.0,0.0
470,NYTimes,Sun Jan 14 20:30:11 +0000 2018,"RT @nytopinion: Immigrants are more likely to be fleeing dysfunctions and prejudices than they are to be bringing them, writes @BretStephen…",-0.4215,0.0,0.877,0.123
471,NYTimes,Sun Jan 14 20:14:09 +0000 2018,"She left France to join Islamic militants in Syria, and now with the collapse of ISIS wants to return. But can she? https://t.co/IRd249fhaT",-0.25,0.083,0.795,0.121
472,NYTimes,Sun Jan 14 20:00:28 +0000 2018,"DACA participants can again apply for renewal of protection, the U.S. immigration agency said https://t.co/jBcr0G8Lfa",0.0,0.0,1.0,0.0
473,NYTimes,Sun Jan 14 19:47:04 +0000 2018,"The death toll in the mudslides that buried parts of Montecito in muck and boulders has risen to 20, officials said https://t.co/hL9kMaAtAT",-0.5994,0.0,0.843,0.157
474,NYTimes,Sun Jan 14 19:31:03 +0000 2018,"""I 100% support the fight for fair pay and I'm donating the $1.5M to the Time's Up Legal Defense Fund in Michelle W… https://t.co/5yYYqjR0I7",0.4588,0.267,0.6,0.133
475,NYTimes,Sun Jan 14 19:31:02 +0000 2018,"""I'm ready for crypto assets to go down 90 percent. I'll feel better then, I think. This has been too insane."" https://t.co/YKDQpv2e7j",0.7269,0.283,0.717,0.0
476,NYTimes,Sun Jan 14 19:13:03 +0000 2018,Your Sunday playlist has arrived https://t.co/aW6xfGiPgg,0.0,0.0,1.0,0.0
477,NYTimes,Sun Jan 14 19:00:21 +0000 2018,"""I love working out so much that I belong to two gyms."" How 50 Cent spends his Sundays: https://t.co/VIJ18SsKIY",0.6369,0.198,0.802,0.0
478,NYTimes,Sun Jan 14 18:44:03 +0000 2018,"Investigators said that the Las Vegas gunman used anonymous communications devices, including a prepaid cellphone,… https://t.co/nafEGnB7fi",0.0,0.0,1.0,0.0
479,NYTimes,Sun Jan 14 18:31:05 +0000 2018,What does the false missile alert in Hawaii tell us about these government-run warning systems? That they need majo… https://t.co/FTEqVxrEm5,-0.0516,0.097,0.796,0.106
480,NYTimes,Sun Jan 14 18:20:08 +0000 2018,"President Trump has been known to refer to Ronna McDaniel as ""my Romney"" https://t.co/zyd9R2chkl",0.0,0.0,1.0,0.0
481,NYTimes,Sun Jan 14 18:10:06 +0000 2018,"Chelsea Manning filed to run for Senate in Maryland, according to federal election filings https://t.co/sPlt4U5MJF",0.0,0.0,1.0,0.0
482,NYTimes,Sun Jan 14 18:00:06 +0000 2018,"David Perdue said Dick Durbin's account of President Trump's language was a ""gross misrepresentation"" https://t.co/8EoPHPzzrz",-0.8555,0.0,0.539,0.461
483,NYTimes,Sun Jan 14 17:45:09 +0000 2018,"A former Steeler's CTE diagnosis led to a $1 billion settlement for retired players, but a technicality has left hi… https://t.co/ezbbd4vUBE",0.0,0.0,1.0,0.0
484,NYTimes,Sun Jan 14 17:30:24 +0000 2018,"""We fully felt like we were about to die. I drove to try to get to my kids even though I knew I probably wouldn't m… https://t.co/lpp0Sehj5O",-0.2782,0.097,0.767,0.136
485,NYTimes,Sun Jan 14 17:15:04 +0000 2018,A group in northwestern Africa that is loyal to ISIS claimed responsibility for the attack in Niger that killed 4 A… https://t.co/ckgxpfDebz,-0.6705,0.112,0.614,0.274
486,NYTimes,Sun Jan 14 17:00:24 +0000 2018,Opinion: Is there life after liberalism? https://t.co/L4DBqnbECw,0.0,0.0,1.0,0.0
487,NYTimes,Sun Jan 14 16:46:04 +0000 2018,"The first time cutting season came around, Nice Leng’ete and her sister ran away and hid in a tree. The second time… https://t.co/eUlj16WnT4",0.2263,0.113,0.769,0.117
488,NYTimes,Sun Jan 14 16:40:07 +0000 2018,"""I'm running,"" Mitt Romney says privately, but as a Trump friend or foe? https://t.co/PMBo6AWzYv",0.1154,0.225,0.574,0.201
489,NYTimes,Sun Jan 14 16:31:03 +0000 2018,President Trump accused The Wall Street Journal of purposely misquoting him. The Journal responded by posting an au… https://t.co/pcKo0BO4Fv,-0.296,0.0,0.891,0.109
490,NYTimes,Sun Jan 14 16:15:14 +0000 2018,"""We swerved all of a sudden. The front of the plane crashed and the back was in the air. Everyone panicked."" https://t.co/XWkKBlsktK",0.0,0.0,1.0,0.0
491,NYTimes,Sun Jan 14 16:00:19 +0000 2018,Afghan officials said that meetings were underway in Turkey between their government and representatives of the Tal… https://t.co/fjfszdHUH1,0.0,0.0,1.0,0.0
492,NYTimes,Sun Jan 14 15:45:09 +0000 2018,"""SNL"" took aim at ""Morning Joe,"" with Bill Murray as Stephen Bannon and Fred Armisen as Michael Wolff https://t.co/B6E1qzAffx",0.0,0.0,1.0,0.0
493,NYTimes,Sun Jan 14 15:30:14 +0000 2018,"""The risk of accidental nuclear war is not hypothetical — accidents have happened in the past, and humans will err… https://t.co/AXGCDpnjeV",-0.6529,0.078,0.633,0.289
494,NYTimes,Sun Jan 14 15:15:07 +0000 2018,Dolphins show self-recognition earlier than children https://t.co/JhRYEGnz87,0.0,0.0,1.0,0.0
495,NYTimes,Sun Jan 14 15:00:18 +0000 2018,"""I 100% support the fight for fair pay and I'm donating the $1.5M to the Time's Up Legal Defense Fund in Michelle W… https://t.co/uHWv6Hkrdt",0.4588,0.267,0.6,0.133
496,NYTimes,Sun Jan 14 14:46:02 +0000 2018,"A new 3-D videomicroscope gives surgeons ""Superman eyes"" and helps them perform and teach delicate brain operations https://t.co/L8mfsQ1cO9",0.4215,0.202,0.798,0.0
497,NYTimes,Sun Jan 14 14:33:01 +0000 2018,"Opinion: ""Hillary Clinton, the first woman who had a real shot at the presidency, has finally set off a national aw… https://t.co/m0rzwUxudL",0.0,0.0,1.0,0.0
498,NYTimes,Sun Jan 14 14:15:02 +0000 2018,"""This system failed miserably and we need to start over,"" Senator Brian Schatz of Hawaii said https://t.co/xob5P1wRjW",-0.7506,0.0,0.701,0.299
499,NYTimes,Sun Jan 14 14:00:13 +0000 2018,"An Iranian oil tanker that collided with another vessel in the East China Sea sank on Sunday, the Chinese Ministry… https://t.co/bJpAUGa73F",0.0,0.0,1.0,0.0
